URL,projectName,file_name,module,LOC,MultifacetedAbs,UnnecessaryAbs,ImperativeAbs,MissingAbs,InsufficientMod,UnstructuredMod,TightlyCoupledMod,DuplicateAbs,MissingDep,BrokenHie,HairballStr,DeficientEnc,WeakendMod,ComplexExpression,DeprecatedStatement,DuplicateEntity,ImproperAlignment,ImproperQuoteUsage,IncompleteConditional,IncompleteTasks,InconsistentNaming,InvalidProperty,LongStatement,MisplacedAttribute,MissingDefault,UnguardedVariable
https://github.com/voxpupuli/puppet-zabbix,puppet-zabbix,,C:\Users\chems/repositories/voxpupuli/puppet-zabbix\.git,0.0,0.0,0.0,0.0,0.0,0.0,1.0,0.0,0.0,0.0,0.0,0.0,0.0,0.0,1.0,3.0,0.0,0.0,0.0,0.0,0.0,0.0,0.0,0.0,0.0,0.0,0.0
https://github.com/voxpupuli/puppet-zabbix,puppet-zabbix,,C:\Users\chems/repositories/voxpupuli/puppet-zabbix\.github,0.0,0.0,0.0,0.0,0.0,0.0,1.0,0.0,0.0,0.0,0.0,0.0,0.0,0.0,2.0,4.0,0.0,0.0,0.0,0.0,0.0,0.0,0.0,0.0,0.0,0.0,0.0
https://github.com/voxpupuli/puppet-zabbix,puppet-zabbix,,C:\Users\chems/repositories/voxpupuli/puppet-zabbix\files,0.0,0.0,0.0,0.0,0.0,0.0,1.0,0.0,0.0,0.0,0.0,0.0,0.0,0.0,0.0,2.0,0.0,0.0,0.0,1.0,0.0,0.0,0.0,0.0,0.0,0.0,0.0
https://github.com/voxpupuli/puppet-zabbix,puppet-zabbix,,C:\Users\chems/repositories/voxpupuli/puppet-zabbix\lib,0.0,0.0,0.0,0.0,0.0,0.0,1.0,0.0,0.0,0.0,0.0,0.0,0.0,0.0,0.0,2.0,0.0,0.0,0.0,2.0,0.0,0.0,0.0,0.0,0.0,0.0,0.0
https://github.com/voxpupuli/puppet-zabbix,puppet-zabbix,,C:\Users\chems/repositories/voxpupuli/puppet-zabbix\manifests,0.0,0.0,0.0,0.0,0.0,0.0,1.0,0.0,0.0,7.0,0.0,1.0,0.0,0.0,0.0,3.0,0.0,0.0,0.0,0.0,0.0,0.0,0.0,0.0,0.0,0.0,0.0
https://github.com/voxpupuli/puppet-zabbix,puppet-zabbix,,C:\Users\chems/repositories/voxpupuli/puppet-zabbix\spec,0.0,0.0,0.0,0.0,0.0,0.0,1.0,0.0,0.0,0.0,0.0,0.0,0.0,0.0,0.0,0.0,0.0,0.0,0.0,0.0,1.0,0.0,0.0,0.0,0.0,0.0,0.0
https://github.com/voxpupuli/puppet-zabbix,puppet-zabbix,,C:\Users\chems/repositories/voxpupuli/puppet-zabbix\templates,0.0,0.0,0.0,0.0,0.0,0.0,1.0,0.0,0.0,0.0,0.0,0.0,0.0,0.0,0.0,0.0,0.0,0.0,0.0,0.0,4.0,0.0,0.0,0.0,0.0,0.0,0.0
https://github.com/voxpupuli/puppet-zabbix,puppet-zabbix,,C:\Users\chems/repositories/voxpupuli/puppet-zabbix\types,0.0,0.0,0.0,0.0,0.0,0.0,1.0,0.0,0.0,0.0,0.0,0.0,0.0,0.0,0.0,0.0,0.0,0.0,0.0,0.0,2.0,0.0,0.0,0.0,0.0,0.0,0.0
https://github.com/Icinga/puppet-icinga2-legacy,puppet-icinga2-legacy,,C:\Users\chems/repositories/Icinga/puppet-icinga2-legacy\.git,0.0,0.0,0.0,0.0,0.0,0.0,1.0,0.0,0.0,0.0,0.0,0.0,0.0,0.0,0.0,0.0,0.0,0.0,0.0,0.0,5.0,0.0,0.0,0.0,0.0,0.0,0.0
https://github.com/Icinga/puppet-icinga2-legacy,puppet-icinga2-legacy,,C:\Users\chems/repositories/Icinga/puppet-icinga2-legacy\doc,0.0,0.0,0.0,0.0,0.0,0.0,1.0,0.0,0.0,0.0,0.0,0.0,0.0,0.0,0.0,0.0,0.0,0.0,0.0,0.0,3.0,0.0,0.0,0.0,0.0,0.0,0.0
https://github.com/Icinga/puppet-icinga2-legacy,puppet-icinga2-legacy,,C:\Users\chems/repositories/Icinga/puppet-icinga2-legacy\lib,0.0,0.0,0.0,0.0,0.0,0.0,1.0,0.0,0.0,0.0,0.0,0.0,0.0,0.0,0.0,0.0,0.0,0.0,0.0,0.0,1.0,0.0,0.0,0.0,0.0,0.0,0.0
https://github.com/Icinga/puppet-icinga2-legacy,puppet-icinga2-legacy,,C:\Users\chems/repositories/Icinga/puppet-icinga2-legacy\manifests,0.0,0.0,0.0,0.0,0.0,0.0,1.0,0.0,0.0,2.0,0.0,1.0,0.0,0.0,1.0,0.0,0.0,0.0,0.0,0.0,1.0,0.0,0.0,0.0,0.0,0.0,0.0
https://github.com/Icinga/puppet-icinga2-legacy,puppet-icinga2-legacy,,C:\Users\chems/repositories/Icinga/puppet-icinga2-legacy\spec,0.0,0.0,0.0,0.0,0.0,0.0,1.0,0.0,0.0,0.0,0.0,0.0,0.0,0.0,1.0,0.0,0.0,0.0,0.0,1.0,0.0,0.0,0.0,0.0,0.0,0.0,0.0
https://github.com/Icinga/puppet-icinga2-legacy,puppet-icinga2-legacy,,C:\Users\chems/repositories/Icinga/puppet-icinga2-legacy\templates,0.0,0.0,0.0,0.0,0.0,0.0,1.0,0.0,0.0,0.0,0.0,0.0,0.0,0.0,1.0,0.0,0.0,0.0,0.0,2.0,0.0,0.0,0.0,0.0,0.0,0.0,0.0
https://github.com/voxpupuli/puppet-kafka,puppet-kafka,,C:\Users\chems/repositories/voxpupuli/puppet-kafka\.git,0.0,0.0,0.0,0.0,0.0,0.0,1.0,0.0,0.0,0.0,0.0,0.0,0.0,0.0,4.0,0.0,0.0,0.0,0.0,18.0,0.0,0.0,0.0,0.0,0.0,0.0,0.0
https://github.com/voxpupuli/puppet-kafka,puppet-kafka,,C:\Users\chems/repositories/voxpupuli/puppet-kafka\.github,0.0,0.0,0.0,0.0,0.0,0.0,1.0,0.0,0.0,0.0,0.0,0.0,0.0,0.0,1.0,0.0,0.0,0.0,0.0,0.0,0.0,0.0,0.0,0.0,0.0,0.0,0.0
https://github.com/voxpupuli/puppet-kafka,puppet-kafka,,C:\Users\chems/repositories/voxpupuli/puppet-kafka\data,0.0,0.0,0.0,0.0,0.0,0.0,1.0,0.0,0.0,0.0,0.0,0.0,0.0,0.0,0.0,0.0,0.0,0.0,0.0,0.0,1.0,0.0,0.0,0.0,0.0,0.0,0.0
https://github.com/voxpupuli/puppet-kafka,puppet-kafka,,C:\Users\chems/repositories/voxpupuli/puppet-kafka\manifests,0.0,0.0,0.0,0.0,0.0,0.0,1.0,0.0,0.0,3.0,0.0,0.0,0.0,0.0,0.0,0.0,0.0,0.0,0.0,0.0,2.0,0.0,0.0,0.0,0.0,0.0,0.0
https://github.com/voxpupuli/puppet-kafka,puppet-kafka,,C:\Users\chems/repositories/voxpupuli/puppet-kafka\spec,0.0,0.0,0.0,0.0,0.0,0.0,1.0,0.0,0.0,0.0,0.0,0.0,0.0,0.0,0.0,0.0,0.0,0.0,0.0,3.0,0.0,0.0,0.0,0.0,0.0,0.0,0.0
https://github.com/voxpupuli/puppet-kafka,puppet-kafka,,C:\Users\chems/repositories/voxpupuli/puppet-kafka\templates,0.0,0.0,0.0,0.0,0.0,0.0,1.0,0.0,0.0,0.0,0.0,0.0,0.0,0.0,0.0,0.0,0.0,0.0,0.0,4.0,0.0,0.0,0.0,0.0,0.0,0.0,0.0
https://github.com/ffnord/ffnord-puppet-gateway,ffnord-puppet-gateway,,C:\Users\chems/repositories/ffnord/ffnord-puppet-gateway\.git,0.0,0.0,0.0,0.0,0.0,0.0,1.0,0.0,0.0,0.0,0.0,0.0,0.0,0.0,0.0,0.0,0.0,0.0,0.0,1.0,0.0,0.0,0.0,0.0,0.0,0.0,0.0
https://github.com/ffnord/ffnord-puppet-gateway,ffnord-puppet-gateway,,C:\Users\chems/repositories/ffnord/ffnord-puppet-gateway\docs,0.0,0.0,0.0,0.0,0.0,0.0,1.0,0.0,0.0,0.0,0.0,0.0,0.0,0.0,0.0,0.0,0.0,0.0,0.0,0.0,1.0,0.0,0.0,0.0,0.0,0.0,0.0
https://github.com/ffnord/ffnord-puppet-gateway,ffnord-puppet-gateway,,C:\Users\chems/repositories/ffnord/ffnord-puppet-gateway\files,0.0,0.0,0.0,0.0,0.0,0.0,1.0,0.0,0.0,0.0,0.0,0.0,0.0,0.0,1.0,0.0,0.0,0.0,0.0,0.0,0.0,0.0,0.0,0.0,0.0,0.0,0.0
https://github.com/ffnord/ffnord-puppet-gateway,ffnord-puppet-gateway,,C:\Users\chems/repositories/ffnord/ffnord-puppet-gateway\lib,0.0,0.0,0.0,0.0,0.0,0.0,1.0,0.0,0.0,0.0,0.0,0.0,0.0,0.0,2.0,0.0,0.0,0.0,0.0,0.0,0.0,0.0,0.0,0.0,0.0,0.0,0.0
https://github.com/ffnord/ffnord-puppet-gateway,ffnord-puppet-gateway,,C:\Users\chems/repositories/ffnord/ffnord-puppet-gateway\manifests,0.0,0.0,0.0,0.0,0.0,0.0,1.0,0.0,0.0,1.0,0.0,1.0,0.0,0.0,0.0,0.0,0.0,0.0,0.0,0.0,1.0,0.0,0.0,0.0,0.0,0.0,0.0
https://github.com/ffnord/ffnord-puppet-gateway,ffnord-puppet-gateway,,C:\Users\chems/repositories/ffnord/ffnord-puppet-gateway\templates,0.0,0.0,0.0,0.0,0.0,0.0,1.0,0.0,0.0,0.0,0.0,0.0,0.0,0.0,0.0,0.0,0.0,0.0,0.0,0.0,1.0,0.0,0.0,0.0,0.0,0.0,0.0
https://github.com/ffnord/ffnord-puppet-gateway,ffnord-puppet-gateway,,C:\Users\chems/repositories/ffnord/ffnord-puppet-gateway\tests,0.0,0.0,0.0,0.0,0.0,0.0,1.0,0.0,0.0,0.0,0.0,0.0,0.0,0.0,0.0,6.0,0.0,0.0,0.0,0.0,0.0,0.0,0.0,0.0,0.0,0.0,0.0
https://github.com/biemond/biemond-oradb,biemond-oradb,,C:\Users\chems/repositories/biemond/biemond-oradb\.git,0.0,0.0,0.0,0.0,0.0,0.0,1.0,0.0,0.0,0.0,0.0,0.0,0.0,0.0,0.0,0.0,0.0,0.0,0.0,0.0,7.0,0.0,0.0,0.0,0.0,0.0,0.0
https://github.com/biemond/biemond-oradb,biemond-oradb,,C:\Users\chems/repositories/biemond/biemond-oradb\.vscode,0.0,0.0,0.0,0.0,0.0,0.0,1.0,0.0,0.0,0.0,0.0,0.0,0.0,0.0,0.0,0.0,0.0,0.0,0.0,0.0,3.0,0.0,0.0,0.0,0.0,0.0,0.0
https://github.com/biemond/biemond-oradb,biemond-oradb,,C:\Users\chems/repositories/biemond/biemond-oradb\data,0.0,0.0,0.0,0.0,0.0,0.0,1.0,0.0,0.0,0.0,0.0,0.0,0.0,0.0,0.0,0.0,0.0,0.0,0.0,0.0,3.0,0.0,0.0,0.0,0.0,0.0,0.0
https://github.com/biemond/biemond-oradb,biemond-oradb,,C:\Users\chems/repositories/biemond/biemond-oradb\doc,0.0,0.0,0.0,0.0,0.0,0.0,1.0,0.0,0.0,0.0,0.0,0.0,0.0,0.0,0.0,0.0,0.0,0.0,0.0,0.0,10.0,0.0,0.0,0.0,0.0,0.0,0.0
https://github.com/biemond/biemond-oradb,biemond-oradb,,C:\Users\chems/repositories/biemond/biemond-oradb\lib,0.0,0.0,0.0,0.0,0.0,0.0,1.0,0.0,0.0,0.0,0.0,0.0,0.0,0.0,0.0,0.0,0.0,0.0,0.0,0.0,4.0,0.0,0.0,0.0,0.0,0.0,0.0
https://github.com/biemond/biemond-oradb,biemond-oradb,,C:\Users\chems/repositories/biemond/biemond-oradb\manifests,0.0,0.0,0.0,0.0,0.0,0.0,1.0,0.0,0.0,0.0,0.0,0.0,1.0,0.0,0.0,0.0,0.0,0.0,0.0,0.0,12.0,0.0,0.0,0.0,0.0,0.0,0.0
https://github.com/biemond/biemond-oradb,biemond-oradb,,C:\Users\chems/repositories/biemond/biemond-oradb\spec,0.0,0.0,0.0,0.0,0.0,0.0,1.0,0.0,0.0,0.0,0.0,0.0,0.0,0.0,,,,,,,,,,,,,
https://github.com/biemond/biemond-oradb,biemond-oradb,,C:\Users\chems/repositories/biemond/biemond-oradb\templates,0.0,0.0,0.0,0.0,0.0,0.0,1.0,0.0,0.0,0.0,0.0,0.0,0.0,0.0,,,,,,,,,,,,,
https://github.com/NTTCom-MS/eyp-systemd,eyp-systemd,,C:\Users\chems/repositories/NTTCom-MS/eyp-systemd\.git,0.0,0.0,0.0,0.0,0.0,0.0,1.0,0.0,0.0,0.0,0.0,0.0,0.0,0.0,,,,,,,,,,,,,
https://github.com/NTTCom-MS/eyp-systemd,eyp-systemd,,C:\Users\chems/repositories/NTTCom-MS/eyp-systemd\.github,0.0,0.0,0.0,0.0,0.0,0.0,1.0,0.0,0.0,0.0,0.0,0.0,0.0,0.0,,,,,,,,,,,,,
https://github.com/NTTCom-MS/eyp-systemd,eyp-systemd,,C:\Users\chems/repositories/NTTCom-MS/eyp-systemd\examples,0.0,0.0,0.0,0.0,0.0,0.0,1.0,0.0,0.0,2.0,0.0,0.0,0.0,0.0,,,,,,,,,,,,,
https://github.com/NTTCom-MS/eyp-systemd,eyp-systemd,,C:\Users\chems/repositories/NTTCom-MS/eyp-systemd\lib,0.0,0.0,0.0,0.0,0.0,0.0,1.0,0.0,0.0,0.0,0.0,0.0,0.0,0.0,,,,,,,,,,,,,
https://github.com/NTTCom-MS/eyp-systemd,eyp-systemd,,C:\Users\chems/repositories/NTTCom-MS/eyp-systemd\manifests,0.0,0.0,0.0,0.0,0.0,0.0,1.0,0.0,0.0,1.0,0.0,0.0,0.0,0.0,,,,,,,,,,,,,
https://github.com/NTTCom-MS/eyp-systemd,eyp-systemd,,C:\Users\chems/repositories/NTTCom-MS/eyp-systemd\spec,0.0,0.0,0.0,0.0,0.0,0.0,1.0,0.0,0.0,0.0,0.0,0.0,0.0,0.0,,,,,,,,,,,,,
https://github.com/NTTCom-MS/eyp-systemd,eyp-systemd,,C:\Users\chems/repositories/NTTCom-MS/eyp-systemd\templates,0.0,0.0,0.0,0.0,0.0,0.0,1.0,0.0,0.0,0.0,0.0,0.0,0.0,0.0,,,,,,,,,,,,,
https://github.com/NTTCom-MS/eyp-systemd,eyp-systemd,,C:\Users\chems/repositories/NTTCom-MS/eyp-systemd\tests,0.0,0.0,0.0,0.0,0.0,0.0,1.0,0.0,0.0,1.0,0.0,0.0,0.0,0.0,,,,,,,,,,,,,
https://github.com/tohuwabohu/puppet-duplicity,puppet-duplicity,,C:\Users\chems/repositories/tohuwabohu/puppet-duplicity\.git,0.0,0.0,0.0,0.0,0.0,0.0,1.0,0.0,0.0,0.0,0.0,0.0,0.0,0.0,,,,,,,,,,,,,
https://github.com/tohuwabohu/puppet-duplicity,puppet-duplicity,,C:\Users\chems/repositories/tohuwabohu/puppet-duplicity\.github,0.0,0.0,0.0,0.0,0.0,0.0,1.0,0.0,0.0,0.0,0.0,0.0,0.0,0.0,,,,,,,,,,,,,
https://github.com/tohuwabohu/puppet-duplicity,puppet-duplicity,,C:\Users\chems/repositories/tohuwabohu/puppet-duplicity\manifests,0.0,0.0,0.0,0.0,0.0,0.0,1.0,0.0,0.0,1.0,0.0,0.0,0.0,0.0,,,,,,,,,,,,,
https://github.com/tohuwabohu/puppet-duplicity,puppet-duplicity,,C:\Users\chems/repositories/tohuwabohu/puppet-duplicity\spec,0.0,0.0,0.0,0.0,0.0,0.0,1.0,0.0,0.0,0.0,0.0,0.0,0.0,0.0,,,,,,,,,,,,,
https://github.com/tohuwabohu/puppet-duplicity,puppet-duplicity,,C:\Users\chems/repositories/tohuwabohu/puppet-duplicity\templates,0.0,0.0,0.0,0.0,0.0,0.0,1.0,0.0,0.0,0.0,0.0,0.0,0.0,0.0,,,,,,,,,,,,,
https://github.com/example42/puppet-network,puppet-network,,C:\Users\chems/repositories/example42/puppet-network\.git,0.0,0.0,0.0,0.0,0.0,0.0,1.0,0.0,0.0,0.0,0.0,0.0,0.0,0.0,,,,,,,,,,,,,
https://github.com/example42/puppet-network,puppet-network,,C:\Users\chems/repositories/example42/puppet-network\.github,0.0,0.0,0.0,0.0,0.0,0.0,1.0,0.0,0.0,0.0,0.0,0.0,0.0,0.0,,,,,,,,,,,,,
https://github.com/example42/puppet-network,puppet-network,,C:\Users\chems/repositories/example42/puppet-network\data,0.0,0.0,0.0,0.0,0.0,0.0,1.0,0.0,0.0,0.0,0.0,0.0,0.0,0.0,,,,,,,,,,,,,
https://github.com/example42/puppet-network,puppet-network,,C:\Users\chems/repositories/example42/puppet-network\files,0.0,0.0,0.0,0.0,0.0,0.0,1.0,0.0,0.0,0.0,0.0,0.0,0.0,0.0,,,,,,,,,,,,,
https://github.com/example42/puppet-network,puppet-network,,C:\Users\chems/repositories/example42/puppet-network\lib,0.0,0.0,0.0,0.0,0.0,0.0,1.0,0.0,0.0,0.0,0.0,0.0,0.0,0.0,,,,,,,,,,,,,
https://github.com/example42/puppet-network,puppet-network,,C:\Users\chems/repositories/example42/puppet-network\manifests,0.0,0.0,0.0,0.0,0.0,0.0,1.0,0.0,0.0,4.0,0.0,0.0,0.0,0.0,,,,,,,,,,,,,
https://github.com/example42/puppet-network,puppet-network,,C:\Users\chems/repositories/example42/puppet-network\spec,0.0,0.0,0.0,0.0,0.0,0.0,1.0,0.0,0.0,0.0,0.0,0.0,0.0,0.0,,,,,,,,,,,,,
https://github.com/example42/puppet-network,puppet-network,,C:\Users\chems/repositories/example42/puppet-network\templates,0.0,0.0,0.0,0.0,0.0,0.0,1.0,0.0,0.0,0.0,0.0,0.0,0.0,0.0,,,,,,,,,,,,,
https://github.com/example42/puppet-network,puppet-network,,C:\Users\chems/repositories/example42/puppet-network\tests,0.0,0.0,0.0,0.0,0.0,0.0,1.0,0.0,0.0,1.0,0.0,0.0,0.0,0.0,,,,,,,,,,,,,
https://github.com/open-io/puppet-openiosds,puppet-openiosds,,C:\Users\chems/repositories/open-io/puppet-openiosds\.git,0.0,0.0,0.0,0.0,0.0,0.0,1.0,0.0,0.0,0.0,0.0,0.0,0.0,0.0,,,,,,,,,,,,,
https://github.com/open-io/puppet-openiosds,puppet-openiosds,,C:\Users\chems/repositories/open-io/puppet-openiosds\lib,0.0,0.0,0.0,0.0,0.0,0.0,1.0,0.0,0.0,0.0,0.0,0.0,0.0,0.0,,,,,,,,,,,,,
https://github.com/open-io/puppet-openiosds,puppet-openiosds,,C:\Users\chems/repositories/open-io/puppet-openiosds\manifests,0.0,0.0,0.0,0.0,0.0,0.0,1.0,0.0,0.0,1.0,0.0,0.0,0.0,0.0,,,,,,,,,,,,,
https://github.com/open-io/puppet-openiosds,puppet-openiosds,,C:\Users\chems/repositories/open-io/puppet-openiosds\templates,0.0,0.0,0.0,0.0,0.0,0.0,1.0,0.0,0.0,0.0,0.0,0.0,0.0,0.0,,,,,,,,,,,,,
https://github.com/pcfens/puppet-filebeat,puppet-filebeat,,C:\Users\chems/repositories/pcfens/puppet-filebeat\.devcontainer,0.0,0.0,0.0,0.0,0.0,0.0,1.0,0.0,0.0,0.0,0.0,0.0,0.0,0.0,,,,,,,,,,,,,
https://github.com/pcfens/puppet-filebeat,puppet-filebeat,,C:\Users\chems/repositories/pcfens/puppet-filebeat\.git,0.0,0.0,0.0,0.0,0.0,0.0,1.0,0.0,0.0,0.0,0.0,0.0,0.0,0.0,,,,,,,,,,,,,
https://github.com/pcfens/puppet-filebeat,puppet-filebeat,,C:\Users\chems/repositories/pcfens/puppet-filebeat\.github,0.0,0.0,0.0,0.0,0.0,0.0,1.0,0.0,0.0,0.0,0.0,0.0,0.0,0.0,,,,,,,,,,,,,
https://github.com/pcfens/puppet-filebeat,puppet-filebeat,,C:\Users\chems/repositories/pcfens/puppet-filebeat\.vscode,0.0,0.0,0.0,0.0,0.0,0.0,1.0,0.0,0.0,0.0,0.0,0.0,0.0,0.0,,,,,,,,,,,,,
https://github.com/pcfens/puppet-filebeat,puppet-filebeat,,C:\Users\chems/repositories/pcfens/puppet-filebeat\lib,0.0,0.0,0.0,0.0,0.0,0.0,1.0,0.0,0.0,0.0,0.0,0.0,0.0,0.0,,,,,,,,,,,,,
https://github.com/pcfens/puppet-filebeat,puppet-filebeat,,C:\Users\chems/repositories/pcfens/puppet-filebeat\manifests,0.0,0.0,0.0,0.0,0.0,0.0,1.0,0.0,0.0,2.0,0.0,1.0,0.0,0.0,,,,,,,,,,,,,
https://github.com/pcfens/puppet-filebeat,puppet-filebeat,,C:\Users\chems/repositories/pcfens/puppet-filebeat\spec,0.0,0.0,0.0,0.0,0.0,0.0,1.0,0.0,0.0,0.0,0.0,0.0,0.0,0.0,,,,,,,,,,,,,
https://github.com/pcfens/puppet-filebeat,puppet-filebeat,,C:\Users\chems/repositories/pcfens/puppet-filebeat\templates,0.0,0.0,0.0,0.0,0.0,0.0,1.0,0.0,0.0,0.0,0.0,0.0,0.0,0.0,,,,,,,,,,,,,
https://github.com/djwisdom/serenityos-icons,serenityos-icons,,C:\Users\chems/repositories/djwisdom/serenityos-icons\.git,0.0,0.0,0.0,0.0,0.0,0.0,1.0,0.0,0.0,0.0,0.0,0.0,0.0,0.0,,,,,,,,,,,,,
https://github.com/djwisdom/serenityos-icons,serenityos-icons,,C:\Users\chems/repositories/djwisdom/serenityos-icons\.github,0.0,0.0,0.0,0.0,0.0,0.0,1.0,0.0,0.0,0.0,0.0,0.0,0.0,0.0,,,,,,,,,,,,,
https://github.com/djwisdom/serenityos-icons,serenityos-icons,,C:\Users\chems/repositories/djwisdom/serenityos-icons\Base,0.0,0.0,0.0,0.0,0.0,0.0,1.0,0.0,0.0,0.0,0.0,0.0,0.0,0.0,,,,,,,,,,,,,
https://github.com/djwisdom/serenityos-icons,serenityos-icons,,C:\Users\chems/repositories/djwisdom/serenityos-icons\pp,0.0,0.0,0.0,0.0,0.0,0.0,1.0,0.0,0.0,0.0,0.0,0.0,0.0,0.0,,,,,,,,,,,,,
https://github.com/HEP-Puppet/htcondor,htcondor,,C:\Users\chems/repositories/HEP-Puppet/htcondor\.git,0.0,0.0,0.0,0.0,0.0,0.0,1.0,0.0,0.0,0.0,0.0,0.0,0.0,0.0,,,,,,,,,,,,,
https://github.com/HEP-Puppet/htcondor,htcondor,,C:\Users\chems/repositories/HEP-Puppet/htcondor\examples,0.0,0.0,0.0,0.0,0.0,0.0,1.0,0.0,0.0,0.0,0.0,0.0,0.0,0.0,,,,,,,,,,,,,
https://github.com/HEP-Puppet/htcondor,htcondor,,C:\Users\chems/repositories/HEP-Puppet/htcondor\files,0.0,0.0,0.0,0.0,0.0,0.0,1.0,0.0,0.0,0.0,0.0,0.0,0.0,0.0,,,,,,,,,,,,,
https://github.com/HEP-Puppet/htcondor,htcondor,,C:\Users\chems/repositories/HEP-Puppet/htcondor\lib,0.0,0.0,0.0,0.0,0.0,0.0,1.0,0.0,0.0,0.0,0.0,0.0,0.0,0.0,,,,,,,,,,,,,
https://github.com/HEP-Puppet/htcondor,htcondor,,C:\Users\chems/repositories/HEP-Puppet/htcondor\manifests,0.0,0.0,0.0,0.0,0.0,0.0,1.0,0.0,0.0,5.0,0.0,1.0,0.0,0.0,,,,,,,,,,,,,
https://github.com/HEP-Puppet/htcondor,htcondor,,C:\Users\chems/repositories/HEP-Puppet/htcondor\spec,0.0,0.0,0.0,0.0,0.0,0.0,1.0,0.0,0.0,0.0,0.0,0.0,0.0,0.0,,,,,,,,,,,,,
https://github.com/HEP-Puppet/htcondor,htcondor,,C:\Users\chems/repositories/HEP-Puppet/htcondor\templates,0.0,0.0,0.0,0.0,0.0,0.0,1.0,0.0,0.0,0.0,0.0,0.0,0.0,0.0,,,,,,,,,,,,,
https://github.com/kakwa/puppet-samba,puppet-samba,,C:\Users\chems/repositories/kakwa/puppet-samba\.git,0.0,0.0,0.0,0.0,0.0,0.0,1.0,0.0,0.0,0.0,0.0,0.0,0.0,0.0,,,,,,,,,,,,,
https://github.com/kakwa/puppet-samba,puppet-samba,,C:\Users\chems/repositories/kakwa/puppet-samba\examples,0.0,0.0,0.0,0.0,0.0,0.0,1.0,0.0,0.0,5.0,0.0,0.0,0.0,0.0,,,,,,,,,,,,,
https://github.com/kakwa/puppet-samba,puppet-samba,,C:\Users\chems/repositories/kakwa/puppet-samba\files,0.0,0.0,0.0,0.0,0.0,0.0,1.0,0.0,0.0,0.0,0.0,0.0,0.0,0.0,,,,,,,,,,,,,
https://github.com/kakwa/puppet-samba,puppet-samba,,C:\Users\chems/repositories/kakwa/puppet-samba\lib,0.0,0.0,0.0,0.0,0.0,0.0,1.0,0.0,0.0,0.0,0.0,0.0,0.0,0.0,,,,,,,,,,,,,
https://github.com/kakwa/puppet-samba,puppet-samba,,C:\Users\chems/repositories/kakwa/puppet-samba\manifests,0.0,0.0,0.0,0.0,0.0,0.0,1.0,0.0,0.0,0.0,0.0,0.0,0.0,0.0,,,,,,,,,,,,,
https://github.com/kakwa/puppet-samba,puppet-samba,,C:\Users\chems/repositories/kakwa/puppet-samba\spec,0.0,0.0,0.0,0.0,0.0,0.0,1.0,0.0,0.0,0.0,0.0,0.0,0.0,0.0,,,,,,,,,,,,,
https://github.com/kakwa/puppet-samba,puppet-samba,,C:\Users\chems/repositories/kakwa/puppet-samba\templates,0.0,0.0,0.0,0.0,0.0,0.0,1.0,0.0,0.0,0.0,0.0,0.0,0.0,0.0,,,,,,,,,,,,,
https://github.com/kakwa/puppet-samba,puppet-samba,,C:\Users\chems/repositories/kakwa/puppet-samba\tests,0.0,0.0,0.0,0.0,0.0,0.0,1.0,0.0,0.0,4.0,0.0,0.0,0.0,0.0,,,,,,,,,,,,,
https://github.com/choria-io/puppet-mcollective,puppet-mcollective,,C:\Users\chems/repositories/choria-io/puppet-mcollective\.git,0.0,0.0,0.0,0.0,0.0,0.0,1.0,0.0,0.0,0.0,0.0,0.0,0.0,0.0,,,,,,,,,,,,,
https://github.com/choria-io/puppet-mcollective,puppet-mcollective,,C:\Users\chems/repositories/choria-io/puppet-mcollective\data,0.0,0.0,0.0,0.0,0.0,0.0,1.0,0.0,0.0,0.0,0.0,0.0,0.0,0.0,,,,,,,,,,,,,
https://github.com/choria-io/puppet-mcollective,puppet-mcollective,,C:\Users\chems/repositories/choria-io/puppet-mcollective\files,0.0,0.0,0.0,0.0,0.0,0.0,1.0,0.0,0.0,0.0,0.0,0.0,0.0,0.0,,,,,,,,,,,,,
https://github.com/choria-io/puppet-mcollective,puppet-mcollective,,C:\Users\chems/repositories/choria-io/puppet-mcollective\functions,0.0,0.0,0.0,0.0,0.0,0.0,1.0,0.0,0.0,0.0,0.0,0.0,0.0,0.0,,,,,,,,,,,,,
https://github.com/choria-io/puppet-mcollective,puppet-mcollective,,C:\Users\chems/repositories/choria-io/puppet-mcollective\lib,0.0,0.0,0.0,0.0,0.0,0.0,1.0,0.0,0.0,0.0,0.0,0.0,0.0,0.0,,,,,,,,,,,,,
https://github.com/choria-io/puppet-mcollective,puppet-mcollective,,C:\Users\chems/repositories/choria-io/puppet-mcollective\manifests,0.0,0.0,0.0,0.0,0.0,0.0,1.0,0.0,0.0,4.0,0.0,0.0,0.0,0.0,,,,,,,,,,,,,
https://github.com/choria-io/puppet-mcollective,puppet-mcollective,,C:\Users\chems/repositories/choria-io/puppet-mcollective\templates,0.0,0.0,0.0,0.0,0.0,0.0,1.0,0.0,0.0,0.0,0.0,0.0,0.0,0.0,,,,,,,,,,,,,
https://github.com/choria-io/puppet-mcollective,puppet-mcollective,,C:\Users\chems/repositories/choria-io/puppet-mcollective\types,0.0,0.0,0.0,0.0,0.0,0.0,1.0,0.0,0.0,0.0,0.0,0.0,0.0,0.0,,,,,,,,,,,,,
https://github.com/craigwatson/puppet-vmwaretools,puppet-vmwaretools,,C:\Users\chems/repositories/craigwatson/puppet-vmwaretools\.git,0.0,0.0,0.0,0.0,0.0,0.0,1.0,0.0,0.0,0.0,0.0,0.0,0.0,0.0,,,,,,,,,,,,,
https://github.com/craigwatson/puppet-vmwaretools,puppet-vmwaretools,,C:\Users\chems/repositories/craigwatson/puppet-vmwaretools\.github,0.0,0.0,0.0,0.0,0.0,0.0,1.0,0.0,0.0,0.0,0.0,0.0,0.0,0.0,,,,,,,,,,,,,
https://github.com/craigwatson/puppet-vmwaretools,puppet-vmwaretools,,C:\Users\chems/repositories/craigwatson/puppet-vmwaretools\.vscode,0.0,0.0,0.0,0.0,0.0,0.0,1.0,0.0,0.0,0.0,0.0,0.0,0.0,0.0,,,,,,,,,,,,,
https://github.com/craigwatson/puppet-vmwaretools,puppet-vmwaretools,,C:\Users\chems/repositories/craigwatson/puppet-vmwaretools\lib,0.0,0.0,0.0,0.0,0.0,0.0,1.0,0.0,0.0,0.0,0.0,0.0,0.0,0.0,,,,,,,,,,,,,
https://github.com/craigwatson/puppet-vmwaretools,puppet-vmwaretools,,C:\Users\chems/repositories/craigwatson/puppet-vmwaretools\manifests,0.0,0.0,0.0,0.0,0.0,0.0,1.0,0.0,0.0,0.0,0.0,1.0,0.0,0.0,,,,,,,,,,,,,
https://github.com/craigwatson/puppet-vmwaretools,puppet-vmwaretools,,C:\Users\chems/repositories/craigwatson/puppet-vmwaretools\spec,0.0,0.0,0.0,0.0,0.0,0.0,1.0,0.0,0.0,0.0,0.0,0.0,0.0,0.0,,,,,,,,,,,,,
https://github.com/craigwatson/puppet-vmwaretools,puppet-vmwaretools,,C:\Users\chems/repositories/craigwatson/puppet-vmwaretools\templates,0.0,0.0,0.0,0.0,0.0,0.0,1.0,0.0,0.0,0.0,0.0,0.0,0.0,0.0,,,,,,,,,,,,,
https://github.com/MetaCenterCloudPuppet/cesnet-hadoop,cesnet-hadoop,,C:\Users\chems/repositories/MetaCenterCloudPuppet/cesnet-hadoop\.git,0.0,0.0,0.0,0.0,0.0,0.0,1.0,0.0,0.0,0.0,0.0,0.0,0.0,0.0,,,,,,,,,,,,,
https://github.com/MetaCenterCloudPuppet/cesnet-hadoop,cesnet-hadoop,,C:\Users\chems/repositories/MetaCenterCloudPuppet/cesnet-hadoop\lib,0.0,0.0,0.0,0.0,0.0,0.0,1.0,0.0,0.0,0.0,0.0,0.0,0.0,0.0,,,,,,,,,,,,,
https://github.com/MetaCenterCloudPuppet/cesnet-hadoop,cesnet-hadoop,,C:\Users\chems/repositories/MetaCenterCloudPuppet/cesnet-hadoop\manifests,0.0,0.0,0.0,0.0,0.0,0.0,1.0,0.0,0.0,2.0,0.0,1.0,15.0,0.0,,,,,,,,,,,,,
https://github.com/MetaCenterCloudPuppet/cesnet-hadoop,cesnet-hadoop,,C:\Users\chems/repositories/MetaCenterCloudPuppet/cesnet-hadoop\spec,0.0,0.0,0.0,0.0,0.0,0.0,1.0,0.0,0.0,1.0,0.0,0.0,0.0,0.0,,,,,,,,,,,,,
https://github.com/MetaCenterCloudPuppet/cesnet-hadoop,cesnet-hadoop,,C:\Users\chems/repositories/MetaCenterCloudPuppet/cesnet-hadoop\templates,0.0,0.0,0.0,0.0,0.0,0.0,1.0,0.0,0.0,0.0,0.0,0.0,0.0,0.0,,,,,,,,,,,,,
https://github.com/derdanne/puppet-nfs,puppet-nfs,,C:\Users\chems/repositories/derdanne/puppet-nfs\.devcontainer,0.0,0.0,0.0,0.0,0.0,0.0,1.0,0.0,0.0,0.0,0.0,0.0,0.0,0.0,,,,,,,,,,,,,
https://github.com/derdanne/puppet-nfs,puppet-nfs,,C:\Users\chems/repositories/derdanne/puppet-nfs\.git,0.0,0.0,0.0,0.0,0.0,0.0,1.0,0.0,0.0,0.0,0.0,0.0,0.0,0.0,,,,,,,,,,,,,
https://github.com/derdanne/puppet-nfs,puppet-nfs,,C:\Users\chems/repositories/derdanne/puppet-nfs\.github,0.0,0.0,0.0,0.0,0.0,0.0,1.0,0.0,0.0,0.0,0.0,0.0,0.0,0.0,,,,,,,,,,,,,
https://github.com/derdanne/puppet-nfs,puppet-nfs,,C:\Users\chems/repositories/derdanne/puppet-nfs\manifests,0.0,0.0,0.0,0.0,0.0,0.0,1.0,0.0,0.0,0.0,0.0,1.0,0.0,0.0,,,,,,,,,,,,,
https://github.com/derdanne/puppet-nfs,puppet-nfs,,C:\Users\chems/repositories/derdanne/puppet-nfs\spec,0.0,0.0,0.0,0.0,0.0,0.0,1.0,0.0,0.0,0.0,0.0,0.0,0.0,0.0,,,,,,,,,,,,,
https://github.com/huit/puppet-ipa,puppet-ipa,,C:\Users\chems/repositories/huit/puppet-ipa\.git,0.0,0.0,0.0,0.0,0.0,0.0,1.0,0.0,0.0,0.0,0.0,0.0,0.0,0.0,,,,,,,,,,,,,
https://github.com/huit/puppet-ipa,puppet-ipa,,C:\Users\chems/repositories/huit/puppet-ipa\lib,0.0,0.0,0.0,0.0,0.0,0.0,1.0,0.0,0.0,0.0,0.0,0.0,0.0,0.0,,,,,,,,,,,,,
https://github.com/huit/puppet-ipa,puppet-ipa,,C:\Users\chems/repositories/huit/puppet-ipa\manifests,0.0,0.0,0.0,0.0,0.0,0.0,1.0,0.0,0.0,0.0,0.0,0.0,0.0,0.0,,,,,,,,,,,,,
https://github.com/huit/puppet-ipa,puppet-ipa,,C:\Users\chems/repositories/huit/puppet-ipa\spec,0.0,0.0,0.0,0.0,0.0,0.0,1.0,0.0,0.0,0.0,0.0,0.0,0.0,0.0,,,,,,,,,,,,,
https://github.com/huit/puppet-ipa,puppet-ipa,,C:\Users\chems/repositories/huit/puppet-ipa\templates,0.0,0.0,0.0,0.0,0.0,0.0,1.0,0.0,0.0,0.0,0.0,0.0,0.0,0.0,,,,,,,,,,,,,
https://github.com/huit/puppet-ipa,puppet-ipa,,C:\Users\chems/repositories/huit/puppet-ipa\tests,0.0,0.0,0.0,0.0,0.0,0.0,1.0,0.0,0.0,1.0,0.0,0.0,0.0,0.0,,,,,,,,,,,,,
https://github.com/voxpupuli/puppet-smokeping,puppet-smokeping,,C:\Users\chems/repositories/voxpupuli/puppet-smokeping\.git,0.0,0.0,0.0,0.0,0.0,0.0,1.0,0.0,0.0,0.0,0.0,0.0,0.0,0.0,,,,,,,,,,,,,
https://github.com/voxpupuli/puppet-smokeping,puppet-smokeping,,C:\Users\chems/repositories/voxpupuli/puppet-smokeping\.github,0.0,0.0,0.0,0.0,0.0,0.0,1.0,0.0,0.0,0.0,0.0,0.0,0.0,0.0,,,,,,,,,,,,,
https://github.com/voxpupuli/puppet-smokeping,puppet-smokeping,,C:\Users\chems/repositories/voxpupuli/puppet-smokeping\data,0.0,0.0,0.0,0.0,0.0,0.0,1.0,0.0,0.0,0.0,0.0,0.0,0.0,0.0,,,,,,,,,,,,,
https://github.com/voxpupuli/puppet-smokeping,puppet-smokeping,,C:\Users\chems/repositories/voxpupuli/puppet-smokeping\files,0.0,0.0,0.0,0.0,0.0,0.0,1.0,0.0,0.0,0.0,0.0,0.0,0.0,0.0,,,,,,,,,,,,,
https://github.com/voxpupuli/puppet-smokeping,puppet-smokeping,,C:\Users\chems/repositories/voxpupuli/puppet-smokeping\manifests,0.0,0.0,0.0,0.0,0.0,0.0,1.0,0.0,0.0,3.0,0.0,0.0,0.0,0.0,,,,,,,,,,,,,
https://github.com/voxpupuli/puppet-smokeping,puppet-smokeping,,C:\Users\chems/repositories/voxpupuli/puppet-smokeping\spec,0.0,0.0,0.0,0.0,0.0,0.0,1.0,0.0,0.0,0.0,0.0,0.0,0.0,0.0,,,,,,,,,,,,,
https://github.com/voxpupuli/puppet-smokeping,puppet-smokeping,,C:\Users\chems/repositories/voxpupuli/puppet-smokeping\templates,0.0,0.0,0.0,0.0,0.0,0.0,1.0,0.0,0.0,0.0,0.0,0.0,0.0,0.0,,,,,,,,,,,,,
https://github.com/openstack/puppet-openstack-cookiecutter,puppet-openstack-cookiecutter,,C:\Users\chems/repositories/openstack/puppet-openstack-cookiecutter\.git,0.0,0.0,0.0,0.0,0.0,0.0,1.0,0.0,0.0,0.0,0.0,0.0,0.0,0.0,,,,,,,,,,,,,
https://github.com/openstack/puppet-openstack-cookiecutter,puppet-openstack-cookiecutter,,C:\Users\chems/repositories/openstack/puppet-openstack-cookiecutter\contrib,0.0,0.0,0.0,0.0,0.0,0.0,1.0,0.0,0.0,0.0,0.0,0.0,0.0,0.0,,,,,,,,,,,,,
https://github.com/openstack/puppet-openstack-cookiecutter,puppet-openstack-cookiecutter,,C:\Users\chems/repositories/openstack/puppet-openstack-cookiecutter\puppet-{{cookiecutter.project_name}},0.0,0.0,0.0,0.0,0.0,0.0,1.0,0.0,0.0,1.0,0.0,0.0,0.0,0.0,,,,,,,,,,,,,
https://github.com/Chassis/puppet-wp,puppet-wp,,C:\Users\chems/repositories/Chassis/puppet-wp\.git,0.0,0.0,0.0,0.0,0.0,0.0,1.0,0.0,0.0,0.0,0.0,0.0,0.0,0.0,,,,,,,,,,,,,
https://github.com/Chassis/puppet-wp,puppet-wp,,C:\Users\chems/repositories/Chassis/puppet-wp\docs,0.0,0.0,0.0,0.0,0.0,0.0,1.0,0.0,0.0,0.0,0.0,0.0,0.0,0.0,,,,,,,,,,,,,
https://github.com/Chassis/puppet-wp,puppet-wp,,C:\Users\chems/repositories/Chassis/puppet-wp\manifests,0.0,0.0,0.0,0.0,0.0,0.0,1.0,0.0,0.0,0.0,0.0,0.0,0.0,0.0,,,,,,,,,,,,,
https://github.com/Chassis/puppet-wp,puppet-wp,,C:\Users\chems/repositories/Chassis/puppet-wp\spec,0.0,0.0,0.0,0.0,0.0,0.0,1.0,0.0,0.0,0.0,0.0,0.0,0.0,0.0,,,,,,,,,,,,,
https://github.com/Chassis/puppet-wp,puppet-wp,,C:\Users\chems/repositories/Chassis/puppet-wp\templates,0.0,0.0,0.0,0.0,0.0,0.0,1.0,0.0,0.0,0.0,0.0,0.0,0.0,0.0,,,,,,,,,,,,,
https://github.com/wazuh/ossec-puppet,ossec-puppet,,C:\Users\chems/repositories/wazuh/ossec-puppet\.git,0.0,0.0,0.0,0.0,0.0,0.0,1.0,0.0,0.0,0.0,0.0,0.0,0.0,0.0,,,,,,,,,,,,,
https://github.com/wazuh/ossec-puppet,ossec-puppet,,C:\Users\chems/repositories/wazuh/ossec-puppet\files,0.0,0.0,0.0,0.0,0.0,0.0,1.0,0.0,0.0,0.0,0.0,0.0,0.0,0.0,,,,,,,,,,,,,
https://github.com/wazuh/ossec-puppet,ossec-puppet,,C:\Users\chems/repositories/wazuh/ossec-puppet\manifests,0.0,0.0,0.0,0.0,0.0,0.0,1.0,0.0,0.0,5.0,0.0,0.0,0.0,0.0,,,,,,,,,,,,,
https://github.com/wazuh/ossec-puppet,ossec-puppet,,C:\Users\chems/repositories/wazuh/ossec-puppet\spec,0.0,0.0,0.0,0.0,0.0,0.0,1.0,0.0,0.0,0.0,0.0,0.0,0.0,0.0,,,,,,,,,,,,,
https://github.com/wazuh/ossec-puppet,ossec-puppet,,C:\Users\chems/repositories/wazuh/ossec-puppet\templates,0.0,0.0,0.0,0.0,0.0,0.0,1.0,0.0,0.0,0.0,0.0,0.0,0.0,0.0,,,,,,,,,,,,,
https://github.com/wazuh/ossec-puppet,ossec-puppet,,C:\Users\chems/repositories/wazuh/ossec-puppet\tests,0.0,0.0,0.0,0.0,0.0,0.0,1.0,0.0,0.0,1.0,0.0,0.0,0.0,0.0,,,,,,,,,,,,,
https://github.com/counsyl/puppet-sys,puppet-sys,,C:\Users\chems/repositories/counsyl/puppet-sys\.git,0.0,0.0,0.0,0.0,0.0,0.0,1.0,0.0,0.0,0.0,0.0,0.0,0.0,0.0,,,,,,,,,,,,,
https://github.com/counsyl/puppet-sys,puppet-sys,,C:\Users\chems/repositories/counsyl/puppet-sys\files,0.0,0.0,0.0,0.0,0.0,0.0,1.0,0.0,0.0,0.0,0.0,0.0,0.0,0.0,,,,,,,,,,,,,
https://github.com/counsyl/puppet-sys,puppet-sys,,C:\Users\chems/repositories/counsyl/puppet-sys\manifests,0.0,0.0,0.0,0.0,0.0,0.0,1.0,0.0,0.0,2.0,0.0,0.0,0.0,0.0,,,,,,,,,,,,,
https://github.com/counsyl/puppet-sys,puppet-sys,,C:\Users\chems/repositories/counsyl/puppet-sys\templates,0.0,0.0,0.0,0.0,0.0,0.0,1.0,0.0,0.0,0.0,0.0,0.0,0.0,0.0,,,,,,,,,,,,,
https://github.com/bzed/bzed-letsencrypt,bzed-letsencrypt,,C:\Users\chems/repositories/bzed/bzed-letsencrypt\.git,0.0,0.0,0.0,0.0,0.0,0.0,1.0,0.0,0.0,0.0,0.0,0.0,0.0,0.0,,,,,,,,,,,,,
https://github.com/bzed/bzed-letsencrypt,bzed-letsencrypt,,C:\Users\chems/repositories/bzed/bzed-letsencrypt\examples,0.0,0.0,0.0,0.0,0.0,0.0,1.0,0.0,0.0,1.0,0.0,0.0,0.0,0.0,,,,,,,,,,,,,
https://github.com/bzed/bzed-letsencrypt,bzed-letsencrypt,,C:\Users\chems/repositories/bzed/bzed-letsencrypt\files,0.0,0.0,0.0,0.0,0.0,0.0,1.0,0.0,0.0,0.0,0.0,0.0,0.0,0.0,,,,,,,,,,,,,
https://github.com/bzed/bzed-letsencrypt,bzed-letsencrypt,,C:\Users\chems/repositories/bzed/bzed-letsencrypt\lib,0.0,0.0,0.0,0.0,0.0,0.0,1.0,0.0,0.0,0.0,0.0,0.0,0.0,0.0,,,,,,,,,,,,,
https://github.com/bzed/bzed-letsencrypt,bzed-letsencrypt,,C:\Users\chems/repositories/bzed/bzed-letsencrypt\manifests,0.0,0.0,0.0,0.0,0.0,0.0,1.0,0.0,0.0,1.0,0.0,0.0,0.0,0.0,,,,,,,,,,,,,
https://github.com/bzed/bzed-letsencrypt,bzed-letsencrypt,,C:\Users\chems/repositories/bzed/bzed-letsencrypt\spec,0.0,0.0,0.0,0.0,0.0,0.0,1.0,0.0,0.0,0.0,0.0,0.0,0.0,0.0,,,,,,,,,,,,,
https://github.com/bzed/bzed-letsencrypt,bzed-letsencrypt,,C:\Users\chems/repositories/bzed/bzed-letsencrypt\templates,0.0,0.0,0.0,0.0,0.0,0.0,1.0,0.0,0.0,0.0,0.0,0.0,0.0,0.0,,,,,,,,,,,,,
https://github.com/puppetlabs-operations/puppet-nginx,puppet-nginx,,C:\Users\chems/repositories/puppetlabs-operations/puppet-nginx\.git,0.0,0.0,0.0,0.0,0.0,0.0,1.0,0.0,0.0,0.0,0.0,0.0,0.0,0.0,,,,,,,,,,,,,
https://github.com/puppetlabs-operations/puppet-nginx,puppet-nginx,,C:\Users\chems/repositories/puppetlabs-operations/puppet-nginx\manifests,0.0,0.0,0.0,0.0,0.0,0.0,1.0,0.0,0.0,0.0,0.0,1.0,0.0,0.0,,,,,,,,,,,,,
https://github.com/puppetlabs-operations/puppet-nginx,puppet-nginx,,C:\Users\chems/repositories/puppetlabs-operations/puppet-nginx\templates,0.0,0.0,0.0,0.0,0.0,0.0,1.0,0.0,0.0,0.0,0.0,0.0,0.0,0.0,,,,,,,,,,,,,
https://github.com/puppetlabs-operations/puppet-nginx,puppet-nginx,,C:\Users\chems/repositories/puppetlabs-operations/puppet-nginx\tests,0.0,0.0,0.0,0.0,0.0,0.0,1.0,0.0,0.0,1.0,0.0,0.0,0.0,0.0,,,,,,,,,,,,,
https://github.com/mohan08p/kodekloud-engineer,kodekloud-engineer,,C:\Users\chems/repositories/mohan08p/kodekloud-engineer\.git,0.0,0.0,0.0,0.0,0.0,0.0,1.0,0.0,0.0,0.0,0.0,0.0,0.0,0.0,,,,,,,,,,,,,
https://github.com/mohan08p/kodekloud-engineer,kodekloud-engineer,,C:\Users\chems/repositories/mohan08p/kodekloud-engineer\DevOps Engineer,0.0,0.0,0.0,0.0,0.0,0.0,1.0,0.0,0.0,1.0,0.0,0.0,0.0,0.0,,,,,,,,,,,,,
https://github.com/mohan08p/kodekloud-engineer,kodekloud-engineer,,C:\Users\chems/repositories/mohan08p/kodekloud-engineer\images,0.0,0.0,0.0,0.0,0.0,0.0,1.0,0.0,0.0,0.0,0.0,0.0,0.0,0.0,,,,,,,,,,,,,
https://github.com/mohan08p/kodekloud-engineer,kodekloud-engineer,,C:\Users\chems/repositories/mohan08p/kodekloud-engineer\System Administrator,0.0,0.0,0.0,0.0,0.0,0.0,1.0,0.0,0.0,0.0,0.0,0.0,0.0,0.0,,,,,,,,,,,,,
https://github.com/yankcrime/datacentred-ldap,datacentred-ldap,,C:\Users\chems/repositories/yankcrime/datacentred-ldap\.git,0.0,0.0,0.0,0.0,0.0,0.0,1.0,0.0,0.0,0.0,0.0,0.0,0.0,0.0,,,,,,,,,,,,,
https://github.com/yankcrime/datacentred-ldap,datacentred-ldap,,C:\Users\chems/repositories/yankcrime/datacentred-ldap\lib,0.0,0.0,0.0,0.0,0.0,0.0,1.0,0.0,0.0,0.0,0.0,0.0,0.0,0.0,,,,,,,,,,,,,
https://github.com/yankcrime/datacentred-ldap,datacentred-ldap,,C:\Users\chems/repositories/yankcrime/datacentred-ldap\manifests,0.0,0.0,0.0,0.0,0.0,0.0,1.0,0.0,0.0,1.0,0.0,0.0,0.0,0.0,,,,,,,,,,,,,
https://github.com/yankcrime/datacentred-ldap,datacentred-ldap,,C:\Users\chems/repositories/yankcrime/datacentred-ldap\spec,0.0,0.0,0.0,0.0,0.0,0.0,1.0,0.0,0.0,0.0,0.0,0.0,0.0,0.0,,,,,,,,,,,,,
https://github.com/yankcrime/datacentred-ldap,datacentred-ldap,,C:\Users\chems/repositories/yankcrime/datacentred-ldap\templates,0.0,0.0,0.0,0.0,0.0,0.0,1.0,0.0,0.0,0.0,0.0,0.0,0.0,0.0,,,,,,,,,,,,,
https://github.com/yankcrime/datacentred-ldap,datacentred-ldap,,C:\Users\chems/repositories/yankcrime/datacentred-ldap\tests,0.0,0.0,0.0,0.0,0.0,0.0,1.0,0.0,0.0,1.0,0.0,0.0,0.0,0.0,,,,,,,,,,,,,
https://github.com/alfred-jayaprakash/kke-solutions,kke-solutions,,C:\Users\chems/repositories/alfred-jayaprakash/kke-solutions\.git,0.0,0.0,0.0,0.0,0.0,0.0,1.0,0.0,0.0,0.0,0.0,0.0,0.0,0.0,,,,,,,,,,,,,
https://github.com/alfred-jayaprakash/kke-solutions,kke-solutions,,C:\Users\chems/repositories/alfred-jayaprakash/kke-solutions\ansible,0.0,0.0,0.0,0.0,0.0,0.0,1.0,0.0,0.0,0.0,0.0,0.0,0.0,0.0,,,,,,,,,,,,,
https://github.com/alfred-jayaprakash/kke-solutions,kke-solutions,,C:\Users\chems/repositories/alfred-jayaprakash/kke-solutions\docker,0.0,0.0,0.0,0.0,0.0,0.0,1.0,0.0,0.0,0.0,0.0,0.0,0.0,0.0,,,,,,,,,,,,,
https://github.com/alfred-jayaprakash/kke-solutions,kke-solutions,,C:\Users\chems/repositories/alfred-jayaprakash/kke-solutions\git,0.0,0.0,0.0,0.0,0.0,0.0,1.0,0.0,0.0,0.0,0.0,0.0,0.0,0.0,,,,,,,,,,,,,
https://github.com/alfred-jayaprakash/kke-solutions,kke-solutions,,C:\Users\chems/repositories/alfred-jayaprakash/kke-solutions\jenkins,0.0,0.0,0.0,0.0,0.0,0.0,1.0,0.0,0.0,0.0,0.0,0.0,0.0,0.0,,,,,,,,,,,,,
https://github.com/alfred-jayaprakash/kke-solutions,kke-solutions,,C:\Users\chems/repositories/alfred-jayaprakash/kke-solutions\kubernetes,0.0,0.0,0.0,0.0,0.0,0.0,1.0,0.0,0.0,0.0,0.0,0.0,0.0,0.0,,,,,,,,,,,,,
https://github.com/alfred-jayaprakash/kke-solutions,kke-solutions,,C:\Users\chems/repositories/alfred-jayaprakash/kke-solutions\linux,0.0,0.0,0.0,0.0,0.0,0.0,1.0,0.0,0.0,0.0,0.0,0.0,0.0,0.0,,,,,,,,,,,,,
https://github.com/alfred-jayaprakash/kke-solutions,kke-solutions,,C:\Users\chems/repositories/alfred-jayaprakash/kke-solutions\puppet,0.0,0.0,0.0,0.0,0.0,0.0,1.0,0.0,0.0,0.0,0.0,0.0,0.0,0.0,,,,,,,,,,,,,
https://github.com/edgester/puppet-module-kerberos,puppet-module-kerberos,,C:\Users\chems/repositories/edgester/puppet-module-kerberos\.git,0.0,0.0,0.0,0.0,0.0,0.0,1.0,0.0,0.0,0.0,0.0,0.0,0.0,0.0,,,,,,,,,,,,,
https://github.com/edgester/puppet-module-kerberos,puppet-module-kerberos,,C:\Users\chems/repositories/edgester/puppet-module-kerberos\files,0.0,0.0,0.0,0.0,0.0,0.0,1.0,0.0,0.0,0.0,0.0,0.0,0.0,0.0,,,,,,,,,,,,,
https://github.com/edgester/puppet-module-kerberos,puppet-module-kerberos,,C:\Users\chems/repositories/edgester/puppet-module-kerberos\manifests,0.0,0.0,0.0,0.0,0.0,0.0,1.0,0.0,0.0,2.0,0.0,0.0,0.0,0.0,,,,,,,,,,,,,
https://github.com/edgester/puppet-module-kerberos,puppet-module-kerberos,,C:\Users\chems/repositories/edgester/puppet-module-kerberos\spec,0.0,0.0,0.0,0.0,0.0,0.0,1.0,0.0,0.0,0.0,0.0,0.0,0.0,0.0,,,,,,,,,,,,,
https://github.com/edgester/puppet-module-kerberos,puppet-module-kerberos,,C:\Users\chems/repositories/edgester/puppet-module-kerberos\templates,0.0,0.0,0.0,0.0,0.0,0.0,1.0,0.0,0.0,0.0,0.0,0.0,0.0,0.0,,,,,,,,,,,,,
https://github.com/edgester/puppet-module-kerberos,puppet-module-kerberos,,C:\Users\chems/repositories/edgester/puppet-module-kerberos\tests,0.0,0.0,0.0,0.0,0.0,0.0,1.0,0.0,0.0,1.0,0.0,0.0,0.0,0.0,,,,,,,,,,,,,
https://github.com/sbitio/puppet-monit,puppet-monit,,C:\Users\chems/repositories/sbitio/puppet-monit\.devcontainer,0.0,0.0,0.0,0.0,0.0,0.0,1.0,0.0,0.0,0.0,0.0,0.0,0.0,0.0,,,,,,,,,,,,,
https://github.com/sbitio/puppet-monit,puppet-monit,,C:\Users\chems/repositories/sbitio/puppet-monit\.git,0.0,0.0,0.0,0.0,0.0,0.0,1.0,0.0,0.0,0.0,0.0,0.0,0.0,0.0,,,,,,,,,,,,,
https://github.com/sbitio/puppet-monit,puppet-monit,,C:\Users\chems/repositories/sbitio/puppet-monit\.vscode,0.0,0.0,0.0,0.0,0.0,0.0,1.0,0.0,0.0,0.0,0.0,0.0,0.0,0.0,,,,,,,,,,,,,
https://github.com/sbitio/puppet-monit,puppet-monit,,C:\Users\chems/repositories/sbitio/puppet-monit\data,0.0,0.0,0.0,0.0,0.0,0.0,1.0,0.0,0.0,0.0,0.0,0.0,0.0,0.0,,,,,,,,,,,,,
https://github.com/sbitio/puppet-monit,puppet-monit,,C:\Users\chems/repositories/sbitio/puppet-monit\doc,0.0,0.0,0.0,0.0,0.0,0.0,1.0,0.0,0.0,0.0,0.0,0.0,0.0,0.0,,,,,,,,,,,,,
https://github.com/sbitio/puppet-monit,puppet-monit,,C:\Users\chems/repositories/sbitio/puppet-monit\examples,0.0,0.0,0.0,0.0,0.0,0.0,1.0,0.0,0.0,2.0,0.0,0.0,0.0,0.0,,,,,,,,,,,,,
https://github.com/sbitio/puppet-monit,puppet-monit,,C:\Users\chems/repositories/sbitio/puppet-monit\lib,0.0,0.0,0.0,0.0,0.0,0.0,1.0,0.0,0.0,0.0,0.0,0.0,0.0,0.0,,,,,,,,,,,,,
https://github.com/sbitio/puppet-monit,puppet-monit,,C:\Users\chems/repositories/sbitio/puppet-monit\manifests,0.0,0.0,0.0,0.0,0.0,0.0,1.0,0.0,0.0,0.0,0.0,0.0,0.0,0.0,,,,,,,,,,,,,
https://github.com/sbitio/puppet-monit,puppet-monit,,C:\Users\chems/repositories/sbitio/puppet-monit\spec,0.0,0.0,0.0,0.0,0.0,0.0,1.0,0.0,0.0,0.0,0.0,0.0,0.0,0.0,,,,,,,,,,,,,
https://github.com/sbitio/puppet-monit,puppet-monit,,C:\Users\chems/repositories/sbitio/puppet-monit\templates,0.0,0.0,0.0,0.0,0.0,0.0,1.0,0.0,0.0,0.0,0.0,0.0,0.0,0.0,,,,,,,,,,,,,
https://github.com/sbitio/puppet-monit,puppet-monit,,C:\Users\chems/repositories/sbitio/puppet-monit\tests,0.0,0.0,0.0,0.0,0.0,0.0,1.0,0.0,0.0,1.0,0.0,0.0,0.0,0.0,,,,,,,,,,,,,
https://github.com/sbitio/puppet-monit,puppet-monit,,C:\Users\chems/repositories/sbitio/puppet-monit\types,0.0,0.0,0.0,0.0,0.0,0.0,1.0,0.0,0.0,0.0,0.0,0.0,0.0,0.0,,,,,,,,,,,,,
https://github.com/zend-patterns/ZendServerPuppet,ZendServerPuppet,,C:\Users\chems/repositories/zend-patterns/ZendServerPuppet\.git,0.0,0.0,0.0,0.0,0.0,0.0,1.0,0.0,0.0,0.0,0.0,0.0,0.0,0.0,,,,,,,,,,,,,
https://github.com/zend-patterns/ZendServerPuppet,ZendServerPuppet,,C:\Users\chems/repositories/zend-patterns/ZendServerPuppet\doc,0.0,0.0,0.0,0.0,0.0,0.0,1.0,0.0,0.0,0.0,0.0,0.0,0.0,0.0,,,,,,,,,,,,,
https://github.com/zend-patterns/ZendServerPuppet,ZendServerPuppet,,C:\Users\chems/repositories/zend-patterns/ZendServerPuppet\facts.d,0.0,0.0,0.0,0.0,0.0,0.0,1.0,0.0,0.0,0.0,0.0,0.0,0.0,0.0,,,,,,,,,,,,,
https://github.com/zend-patterns/ZendServerPuppet,ZendServerPuppet,,C:\Users\chems/repositories/zend-patterns/ZendServerPuppet\files,0.0,0.0,0.0,0.0,0.0,0.0,1.0,0.0,0.0,0.0,0.0,0.0,0.0,0.0,,,,,,,,,,,,,
https://github.com/zend-patterns/ZendServerPuppet,ZendServerPuppet,,C:\Users\chems/repositories/zend-patterns/ZendServerPuppet\manifests,0.0,0.0,0.0,0.0,0.0,0.0,1.0,0.0,0.0,1.0,0.0,1.0,0.0,0.0,,,,,,,,,,,,,
https://github.com/zend-patterns/ZendServerPuppet,ZendServerPuppet,,C:\Users\chems/repositories/zend-patterns/ZendServerPuppet\templates,0.0,0.0,0.0,0.0,0.0,0.0,1.0,0.0,0.0,0.0,0.0,0.0,0.0,0.0,,,,,,,,,,,,,
https://github.com/cloudwicklabs/ankus-modules,ankus-modules,,C:\Users\chems/repositories/cloudwicklabs/ankus-modules\.git,0.0,0.0,0.0,0.0,0.0,0.0,1.0,0.0,0.0,0.0,0.0,0.0,0.0,0.0,,,,,,,,,,,,,
https://github.com/cloudwicklabs/ankus-modules,ankus-modules,,C:\Users\chems/repositories/cloudwicklabs/ankus-modules\cassandra,0.0,0.0,0.0,0.0,0.0,0.0,0.0,0.0,0.0,5.0,0.0,1.0,0.0,0.0,,,,,,,,,,,,,
https://github.com/cloudwicklabs/ankus-modules,ankus-modules,,C:\Users\chems/repositories/cloudwicklabs/ankus-modules\cm,0.0,0.0,0.0,0.0,0.0,0.0,1.0,0.0,0.0,7.0,0.0,0.0,0.0,0.0,,,,,,,,,,,,,
https://github.com/cloudwicklabs/ankus-modules,ankus-modules,,C:\Users\chems/repositories/cloudwicklabs/ankus-modules\ganglia,0.0,0.0,0.0,0.0,0.0,0.0,0.0,0.0,0.0,2.0,0.0,1.0,0.0,0.0,,,,,,,,,,,,,
https://github.com/cloudwicklabs/ankus-modules,ankus-modules,,C:\Users\chems/repositories/cloudwicklabs/ankus-modules\hadoop,0.0,0.0,0.0,0.0,0.0,0.0,1.0,0.0,0.0,5.0,0.0,1.0,6.0,0.0,,,,,,,,,,,,,
https://github.com/cloudwicklabs/ankus-modules,ankus-modules,,C:\Users\chems/repositories/cloudwicklabs/ankus-modules\java,0.0,0.0,0.0,0.0,0.0,0.0,0.0,0.0,0.0,1.0,0.0,0.0,0.0,0.0,,,,,,,,,,,,,
https://github.com/cloudwicklabs/ankus-modules,ankus-modules,,C:\Users\chems/repositories/cloudwicklabs/ankus-modules\java7,0.0,0.0,0.0,0.0,0.0,0.0,0.0,0.0,0.0,0.0,0.0,0.0,0.0,0.0,,,,,,,,,,,,,
https://github.com/cloudwicklabs/ankus-modules,ankus-modules,,C:\Users\chems/repositories/cloudwicklabs/ankus-modules\jmxtrans,0.0,0.0,0.0,0.0,0.0,0.0,0.0,0.0,0.0,2.0,0.0,0.0,0.0,0.0,,,,,,,,,,,,,
https://github.com/cloudwicklabs/ankus-modules,ankus-modules,,C:\Users\chems/repositories/cloudwicklabs/ankus-modules\kafka,0.0,0.0,0.0,0.0,0.0,0.0,0.0,0.0,0.0,5.0,0.0,0.0,0.0,0.0,,,,,,,,,,,,,
https://github.com/cloudwicklabs/ankus-modules,ankus-modules,,C:\Users\chems/repositories/cloudwicklabs/ankus-modules\kerberos,0.0,0.0,0.0,0.0,0.0,0.0,0.0,0.0,0.0,2.0,0.0,0.0,0.0,0.0,,,,,,,,,,,,,
https://github.com/cloudwicklabs/ankus-modules,ankus-modules,,C:\Users\chems/repositories/cloudwicklabs/ankus-modules\logstash,0.0,0.0,0.0,0.0,0.0,0.0,1.0,0.0,0.0,3.0,0.0,0.0,0.0,0.0,,,,,,,,,,,,,
https://github.com/cloudwicklabs/ankus-modules,ankus-modules,,C:\Users\chems/repositories/cloudwicklabs/ankus-modules\nagios,0.0,0.0,0.0,0.0,0.0,0.0,0.0,0.0,0.0,2.0,0.0,1.0,0.0,0.0,,,,,,,,,,,,,
https://github.com/cloudwicklabs/ankus-modules,ankus-modules,,C:\Users\chems/repositories/cloudwicklabs/ankus-modules\ntp,0.0,0.0,0.0,0.0,0.0,0.0,0.0,0.0,0.0,0.0,0.0,0.0,0.0,0.0,,,,,,,,,,,,,
https://github.com/cloudwicklabs/ankus-modules,ankus-modules,,C:\Users\chems/repositories/cloudwicklabs/ankus-modules\storm,0.0,0.0,0.0,0.0,0.0,0.0,1.0,0.0,0.0,5.0,0.0,1.0,0.0,0.0,,,,,,,,,,,,,
https://github.com/cloudwicklabs/ankus-modules,ankus-modules,,C:\Users\chems/repositories/cloudwicklabs/ankus-modules\utils,0.0,0.0,0.0,0.0,0.0,0.0,1.0,0.0,0.0,3.0,0.0,0.0,0.0,0.0,,,,,,,,,,,,,
https://github.com/cloudwicklabs/ankus-modules,ankus-modules,,C:\Users\chems/repositories/cloudwicklabs/ankus-modules\zookeeper,0.0,0.0,0.0,0.0,0.0,0.0,0.0,0.0,0.0,4.0,0.0,1.0,0.0,0.0,,,,,,,,,,,,,
https://github.com/voxpupuli/puppet-bareos,puppet-bareos,,C:\Users\chems/repositories/voxpupuli/puppet-bareos\.git,0.0,0.0,0.0,0.0,0.0,0.0,1.0,0.0,0.0,0.0,0.0,0.0,0.0,0.0,,,,,,,,,,,,,
https://github.com/voxpupuli/puppet-bareos,puppet-bareos,,C:\Users\chems/repositories/voxpupuli/puppet-bareos\.github,0.0,0.0,0.0,0.0,0.0,0.0,1.0,0.0,0.0,0.0,0.0,0.0,0.0,0.0,,,,,,,,,,,,,
https://github.com/voxpupuli/puppet-bareos,puppet-bareos,,C:\Users\chems/repositories/voxpupuli/puppet-bareos\examples,0.0,0.0,0.0,0.0,0.0,0.0,1.0,0.0,0.0,6.0,0.0,0.0,0.0,0.0,,,,,,,,,,,,,
https://github.com/voxpupuli/puppet-bareos,puppet-bareos,,C:\Users\chems/repositories/voxpupuli/puppet-bareos\lib,0.0,0.0,0.0,0.0,0.0,0.0,1.0,0.0,0.0,0.0,0.0,0.0,0.0,0.0,,,,,,,,,,,,,
https://github.com/voxpupuli/puppet-bareos,puppet-bareos,,C:\Users\chems/repositories/voxpupuli/puppet-bareos\manifests,0.0,0.0,0.0,0.0,0.0,0.0,1.0,0.0,0.0,1.0,0.0,0.0,0.0,0.0,,,,,,,,,,,,,
https://github.com/voxpupuli/puppet-bareos,puppet-bareos,,C:\Users\chems/repositories/voxpupuli/puppet-bareos\spec,0.0,0.0,0.0,0.0,0.0,0.0,1.0,0.0,0.0,0.0,0.0,0.0,0.0,0.0,,,,,,,,,,,,,
https://github.com/voxpupuli/puppet-bareos,puppet-bareos,,C:\Users\chems/repositories/voxpupuli/puppet-bareos\templates,0.0,0.0,0.0,0.0,0.0,0.0,1.0,0.0,0.0,0.0,0.0,0.0,0.0,0.0,,,,,,,,,,,,,
https://github.com/voxpupuli/puppet-bareos,puppet-bareos,,C:\Users\chems/repositories/voxpupuli/puppet-bareos\types,0.0,0.0,0.0,0.0,0.0,0.0,1.0,0.0,0.0,0.0,0.0,0.0,0.0,0.0,,,,,,,,,,,,,
https://github.com/tylerwalts/puppet-jdk_oracle,puppet-jdk_oracle,,C:\Users\chems/repositories/tylerwalts/puppet-jdk_oracle\.git,0.0,0.0,0.0,0.0,0.0,0.0,1.0,0.0,0.0,0.0,0.0,0.0,0.0,0.0,,,,,,,,,,,,,
https://github.com/tylerwalts/puppet-jdk_oracle,puppet-jdk_oracle,,C:\Users\chems/repositories/tylerwalts/puppet-jdk_oracle\files,0.0,0.0,0.0,0.0,0.0,0.0,1.0,0.0,0.0,0.0,0.0,0.0,0.0,0.0,,,,,,,,,,,,,
https://github.com/tylerwalts/puppet-jdk_oracle,puppet-jdk_oracle,,C:\Users\chems/repositories/tylerwalts/puppet-jdk_oracle\manifests,0.0,0.0,0.0,0.0,0.0,0.0,1.0,0.0,0.0,0.0,0.0,0.0,0.0,0.0,,,,,,,,,,,,,
https://github.com/tylerwalts/puppet-jdk_oracle,puppet-jdk_oracle,,C:\Users\chems/repositories/tylerwalts/puppet-jdk_oracle\spec,0.0,0.0,0.0,0.0,0.0,0.0,1.0,0.0,0.0,0.0,0.0,0.0,0.0,0.0,,,,,,,,,,,,,
https://github.com/airbnb/puppet-munki,puppet-munki,,C:\Users\chems/repositories/airbnb/puppet-munki\.git,0.0,0.0,0.0,0.0,0.0,0.0,1.0,0.0,0.0,0.0,0.0,0.0,0.0,0.0,,,,,,,,,,,,,
https://github.com/airbnb/puppet-munki,puppet-munki,,C:\Users\chems/repositories/airbnb/puppet-munki\.github,0.0,0.0,0.0,0.0,0.0,0.0,1.0,0.0,0.0,0.0,0.0,0.0,0.0,0.0,,,,,,,,,,,,,
https://github.com/airbnb/puppet-munki,puppet-munki,,C:\Users\chems/repositories/airbnb/puppet-munki\data,0.0,0.0,0.0,0.0,0.0,0.0,1.0,0.0,0.0,0.0,0.0,0.0,0.0,0.0,,,,,,,,,,,,,
https://github.com/airbnb/puppet-munki,puppet-munki,,C:\Users\chems/repositories/airbnb/puppet-munki\files,0.0,0.0,0.0,0.0,0.0,0.0,1.0,0.0,0.0,0.0,0.0,0.0,0.0,0.0,,,,,,,,,,,,,
https://github.com/airbnb/puppet-munki,puppet-munki,,C:\Users\chems/repositories/airbnb/puppet-munki\lib,0.0,0.0,0.0,0.0,0.0,0.0,1.0,0.0,0.0,0.0,0.0,0.0,0.0,0.0,,,,,,,,,,,,,
https://github.com/airbnb/puppet-munki,puppet-munki,,C:\Users\chems/repositories/airbnb/puppet-munki\manifests,0.0,0.0,0.0,0.0,0.0,0.0,1.0,0.0,0.0,0.0,0.0,0.0,0.0,0.0,,,,,,,,,,,,,
https://github.com/TuxInvader/Puppet-Brocade-vTM,Puppet-Brocade-vTM,,C:\Users\chems/repositories/TuxInvader/Puppet-Brocade-vTM\.git,0.0,0.0,0.0,0.0,0.0,0.0,1.0,0.0,0.0,0.0,0.0,0.0,0.0,0.0,,,,,,,,,,,,,
https://github.com/TuxInvader/Puppet-Brocade-vTM,Puppet-Brocade-vTM,,C:\Users\chems/repositories/TuxInvader/Puppet-Brocade-vTM\bin,0.0,0.0,0.0,0.0,0.0,0.0,1.0,0.0,0.0,0.0,0.0,0.0,0.0,0.0,,,,,,,,,,,,,
https://github.com/TuxInvader/Puppet-Brocade-vTM,Puppet-Brocade-vTM,,C:\Users\chems/repositories/TuxInvader/Puppet-Brocade-vTM\examples,0.0,0.0,0.0,0.0,0.0,0.0,1.0,0.0,0.0,6.0,0.0,0.0,0.0,0.0,,,,,,,,,,,,,
https://github.com/TuxInvader/Puppet-Brocade-vTM,Puppet-Brocade-vTM,,C:\Users\chems/repositories/TuxInvader/Puppet-Brocade-vTM\files,0.0,0.0,0.0,0.0,0.0,0.0,1.0,0.0,0.0,0.0,0.0,0.0,0.0,0.0,,,,,,,,,,,,,
https://github.com/TuxInvader/Puppet-Brocade-vTM,Puppet-Brocade-vTM,,C:\Users\chems/repositories/TuxInvader/Puppet-Brocade-vTM\lib,0.0,0.0,0.0,0.0,0.0,0.0,1.0,0.0,0.0,0.0,0.0,0.0,0.0,0.0,,,,,,,,,,,,,
https://github.com/TuxInvader/Puppet-Brocade-vTM,Puppet-Brocade-vTM,,C:\Users\chems/repositories/TuxInvader/Puppet-Brocade-vTM\manifests,0.0,0.0,0.0,0.0,0.0,0.0,1.0,0.0,0.0,0.0,0.0,0.0,0.0,0.0,,,,,,,,,,,,,
https://github.com/TuxInvader/Puppet-Brocade-vTM,Puppet-Brocade-vTM,,C:\Users\chems/repositories/TuxInvader/Puppet-Brocade-vTM\skel,0.0,0.0,0.0,0.0,0.0,0.0,0.0,0.0,0.0,0.0,0.0,0.0,0.0,0.0,,,,,,,,,,,,,
https://github.com/TuxInvader/Puppet-Brocade-vTM,Puppet-Brocade-vTM,,C:\Users\chems/repositories/TuxInvader/Puppet-Brocade-vTM\templates,0.0,0.0,0.0,0.0,0.0,0.0,1.0,0.0,0.0,0.0,0.0,0.0,0.0,0.0,,,,,,,,,,,,,
https://github.com/Super-Visions/puppet-itop,puppet-itop,,C:\Users\chems/repositories/Super-Visions/puppet-itop\.git,0.0,0.0,0.0,0.0,0.0,0.0,1.0,0.0,0.0,0.0,0.0,0.0,0.0,0.0,,,,,,,,,,,,,
https://github.com/Super-Visions/puppet-itop,puppet-itop,,C:\Users\chems/repositories/Super-Visions/puppet-itop\files,0.0,0.0,0.0,0.0,0.0,0.0,1.0,0.0,0.0,0.0,0.0,0.0,0.0,0.0,,,,,,,,,,,,,
https://github.com/Super-Visions/puppet-itop,puppet-itop,,C:\Users\chems/repositories/Super-Visions/puppet-itop\lib,0.0,0.0,0.0,0.0,0.0,0.0,1.0,0.0,0.0,0.0,0.0,0.0,0.0,0.0,,,,,,,,,,,,,
https://github.com/Super-Visions/puppet-itop,puppet-itop,,C:\Users\chems/repositories/Super-Visions/puppet-itop\manifests,0.0,0.0,0.0,0.0,0.0,0.0,1.0,0.0,0.0,1.0,0.0,0.0,0.0,0.0,,,,,,,,,,,,,
https://github.com/Super-Visions/puppet-itop,puppet-itop,,C:\Users\chems/repositories/Super-Visions/puppet-itop\resources,0.0,0.0,0.0,0.0,0.0,0.0,1.0,0.0,0.0,0.0,0.0,0.0,0.0,0.0,,,,,,,,,,,,,
https://github.com/Super-Visions/puppet-itop,puppet-itop,,C:\Users\chems/repositories/Super-Visions/puppet-itop\spec,0.0,0.0,0.0,0.0,0.0,0.0,1.0,0.0,0.0,0.0,0.0,0.0,0.0,0.0,,,,,,,,,,,,,
https://github.com/Super-Visions/puppet-itop,puppet-itop,,C:\Users\chems/repositories/Super-Visions/puppet-itop\templates,0.0,0.0,0.0,0.0,0.0,0.0,1.0,0.0,0.0,0.0,0.0,0.0,0.0,0.0,,,,,,,,,,,,,
https://github.com/Super-Visions/puppet-itop,puppet-itop,,C:\Users\chems/repositories/Super-Visions/puppet-itop\tests,0.0,0.0,0.0,0.0,0.0,0.0,1.0,0.0,0.0,1.0,0.0,0.0,0.0,0.0,,,,,,,,,,,,,
https://github.com/inkblot/puppet-shorewall,puppet-shorewall,,C:\Users\chems/repositories/inkblot/puppet-shorewall\.git,0.0,0.0,0.0,0.0,0.0,0.0,1.0,0.0,0.0,0.0,0.0,0.0,0.0,0.0,,,,,,,,,,,,,
https://github.com/inkblot/puppet-shorewall,puppet-shorewall,,C:\Users\chems/repositories/inkblot/puppet-shorewall\data,0.0,0.0,0.0,0.0,0.0,0.0,1.0,0.0,0.0,0.0,0.0,0.0,0.0,0.0,,,,,,,,,,,,,
https://github.com/inkblot/puppet-shorewall,puppet-shorewall,,C:\Users\chems/repositories/inkblot/puppet-shorewall\files,0.0,0.0,0.0,0.0,0.0,0.0,1.0,0.0,0.0,0.0,0.0,0.0,0.0,0.0,,,,,,,,,,,,,
https://github.com/inkblot/puppet-shorewall,puppet-shorewall,,C:\Users\chems/repositories/inkblot/puppet-shorewall\manifests,0.0,0.0,0.0,0.0,0.0,0.0,1.0,0.0,0.0,0.0,0.0,0.0,0.0,0.0,,,,,,,,,,,,,
https://github.com/inkblot/puppet-shorewall,puppet-shorewall,,C:\Users\chems/repositories/inkblot/puppet-shorewall\templates,0.0,0.0,0.0,0.0,0.0,0.0,1.0,0.0,0.0,0.0,0.0,0.0,0.0,0.0,,,,,,,,,,,,,
https://github.com/alexharv074/puppet-firewall_multi,puppet-firewall_multi,,C:\Users\chems/repositories/alexharv074/puppet-firewall_multi\.git,0.0,0.0,0.0,0.0,0.0,0.0,1.0,0.0,0.0,0.0,0.0,0.0,0.0,0.0,,,,,,,,,,,,,
https://github.com/alexharv074/puppet-firewall_multi,puppet-firewall_multi,,C:\Users\chems/repositories/alexharv074/puppet-firewall_multi\.github,0.0,0.0,0.0,0.0,0.0,0.0,1.0,0.0,0.0,0.0,0.0,0.0,0.0,0.0,,,,,,,,,,,,,
https://github.com/alexharv074/puppet-firewall_multi,puppet-firewall_multi,,C:\Users\chems/repositories/alexharv074/puppet-firewall_multi\examples,0.0,0.0,0.0,0.0,0.0,0.0,1.0,0.0,0.0,0.0,0.0,0.0,0.0,0.0,,,,,,,,,,,,,
https://github.com/alexharv074/puppet-firewall_multi,puppet-firewall_multi,,C:\Users\chems/repositories/alexharv074/puppet-firewall_multi\lib,0.0,0.0,0.0,0.0,0.0,0.0,1.0,0.0,0.0,0.0,0.0,0.0,0.0,0.0,,,,,,,,,,,,,
https://github.com/alexharv074/puppet-firewall_multi,puppet-firewall_multi,,C:\Users\chems/repositories/alexharv074/puppet-firewall_multi\manifests,0.0,0.0,0.0,0.0,0.0,0.0,1.0,0.0,0.0,0.0,0.0,0.0,0.0,0.0,,,,,,,,,,,,,
https://github.com/alexharv074/puppet-firewall_multi,puppet-firewall_multi,,C:\Users\chems/repositories/alexharv074/puppet-firewall_multi\spec,0.0,0.0,0.0,0.0,0.0,0.0,1.0,0.0,0.0,0.0,0.0,0.0,0.0,0.0,,,,,,,,,,,,,
https://github.com/npwalker/pe_metric_curl_cron_jobs,pe_metric_curl_cron_jobs,,C:\Users\chems/repositories/npwalker/pe_metric_curl_cron_jobs\.git,0.0,0.0,0.0,0.0,0.0,0.0,1.0,0.0,0.0,0.0,0.0,0.0,0.0,0.0,,,,,,,,,,,,,
https://github.com/npwalker/pe_metric_curl_cron_jobs,pe_metric_curl_cron_jobs,,C:\Users\chems/repositories/npwalker/pe_metric_curl_cron_jobs\files,0.0,0.0,0.0,0.0,0.0,0.0,1.0,0.0,0.0,0.0,0.0,0.0,0.0,0.0,,,,,,,,,,,,,
https://github.com/npwalker/pe_metric_curl_cron_jobs,pe_metric_curl_cron_jobs,,C:\Users\chems/repositories/npwalker/pe_metric_curl_cron_jobs\lib,0.0,0.0,0.0,0.0,0.0,0.0,1.0,0.0,0.0,0.0,0.0,0.0,0.0,0.0,,,,,,,,,,,,,
https://github.com/npwalker/pe_metric_curl_cron_jobs,pe_metric_curl_cron_jobs,,C:\Users\chems/repositories/npwalker/pe_metric_curl_cron_jobs\manifests,0.0,0.0,0.0,0.0,0.0,0.0,1.0,0.0,0.0,0.0,0.0,0.0,0.0,0.0,,,,,,,,,,,,,
https://github.com/npwalker/pe_metric_curl_cron_jobs,pe_metric_curl_cron_jobs,,C:\Users\chems/repositories/npwalker/pe_metric_curl_cron_jobs\templates,0.0,0.0,0.0,0.0,0.0,0.0,1.0,0.0,0.0,0.0,0.0,0.0,0.0,0.0,,,,,,,,,,,,,
https://github.com/opus-codium/puppet-taiga,puppet-taiga,,C:\Users\chems/repositories/opus-codium/puppet-taiga\.git,0.0,0.0,0.0,0.0,0.0,0.0,1.0,0.0,0.0,0.0,0.0,0.0,0.0,0.0,,,,,,,,,,,,,
https://github.com/opus-codium/puppet-taiga,puppet-taiga,,C:\Users\chems/repositories/opus-codium/puppet-taiga\.github,0.0,0.0,0.0,0.0,0.0,0.0,1.0,0.0,0.0,0.0,0.0,0.0,0.0,0.0,,,,,,,,,,,,,
https://github.com/opus-codium/puppet-taiga,puppet-taiga,,C:\Users\chems/repositories/opus-codium/puppet-taiga\data,0.0,0.0,0.0,0.0,0.0,0.0,1.0,0.0,0.0,0.0,0.0,0.0,0.0,0.0,,,,,,,,,,,,,
https://github.com/opus-codium/puppet-taiga,puppet-taiga,,C:\Users\chems/repositories/opus-codium/puppet-taiga\examples,0.0,0.0,0.0,0.0,0.0,0.0,1.0,0.0,0.0,1.0,0.0,0.0,0.0,0.0,,,,,,,,,,,,,
https://github.com/opus-codium/puppet-taiga,puppet-taiga,,C:\Users\chems/repositories/opus-codium/puppet-taiga\manifests,0.0,0.0,0.0,0.0,0.0,0.0,1.0,0.0,0.0,5.0,0.0,1.0,0.0,0.0,,,,,,,,,,,,,
https://github.com/opus-codium/puppet-taiga,puppet-taiga,,C:\Users\chems/repositories/opus-codium/puppet-taiga\spec,0.0,0.0,0.0,0.0,0.0,0.0,1.0,0.0,0.0,0.0,0.0,0.0,0.0,0.0,,,,,,,,,,,,,
https://github.com/opus-codium/puppet-taiga,puppet-taiga,,C:\Users\chems/repositories/opus-codium/puppet-taiga\tasks,0.0,0.0,0.0,0.0,0.0,0.0,1.0,0.0,0.0,0.0,0.0,0.0,0.0,0.0,,,,,,,,,,,,,
https://github.com/opus-codium/puppet-taiga,puppet-taiga,,C:\Users\chems/repositories/opus-codium/puppet-taiga\templates,0.0,0.0,0.0,0.0,0.0,0.0,1.0,0.0,0.0,0.0,0.0,0.0,0.0,0.0,,,,,,,,,,,,,
https://github.com/hastexo/kickstack,kickstack,,C:\Users\chems/repositories/hastexo/kickstack\.git,0.0,0.0,0.0,0.0,0.0,0.0,1.0,0.0,0.0,0.0,0.0,0.0,0.0,0.0,,,,,,,,,,,,,
https://github.com/hastexo/kickstack,kickstack,,C:\Users\chems/repositories/hastexo/kickstack\doc,0.0,0.0,0.0,0.0,0.0,0.0,1.0,0.0,0.0,0.0,0.0,0.0,0.0,0.0,,,,,,,,,,,,,
https://github.com/hastexo/kickstack,kickstack,,C:\Users\chems/repositories/hastexo/kickstack\files,0.0,0.0,0.0,0.0,0.0,0.0,1.0,0.0,0.0,0.0,0.0,0.0,0.0,0.0,,,,,,,,,,,,,
https://github.com/hastexo/kickstack,kickstack,,C:\Users\chems/repositories/hastexo/kickstack\manifests,0.0,0.0,0.0,0.0,0.0,0.0,1.0,0.0,0.0,53.0,0.0,0.0,0.0,0.0,,,,,,,,,,,,,
https://github.com/hastexo/kickstack,kickstack,,C:\Users\chems/repositories/hastexo/kickstack\templates,0.0,0.0,0.0,0.0,0.0,0.0,1.0,0.0,0.0,0.0,0.0,0.0,0.0,0.0,,,,,,,,,,,,,
https://github.com/jvaubourg/puppetlabs-nginxpack,puppetlabs-nginxpack,,C:\Users\chems/repositories/jvaubourg/puppetlabs-nginxpack\.git,0.0,0.0,0.0,0.0,0.0,0.0,1.0,0.0,0.0,0.0,0.0,0.0,0.0,0.0,,,,,,,,,,,,,
https://github.com/jvaubourg/puppetlabs-nginxpack,puppetlabs-nginxpack,,C:\Users\chems/repositories/jvaubourg/puppetlabs-nginxpack\files,0.0,0.0,0.0,0.0,0.0,0.0,1.0,0.0,0.0,0.0,0.0,0.0,0.0,0.0,,,,,,,,,,,,,
https://github.com/jvaubourg/puppetlabs-nginxpack,puppetlabs-nginxpack,,C:\Users\chems/repositories/jvaubourg/puppetlabs-nginxpack\manifests,0.0,0.0,0.0,0.0,0.0,0.0,1.0,0.0,0.0,0.0,0.0,1.0,0.0,0.0,,,,,,,,,,,,,
https://github.com/jvaubourg/puppetlabs-nginxpack,puppetlabs-nginxpack,,C:\Users\chems/repositories/jvaubourg/puppetlabs-nginxpack\spec,0.0,0.0,0.0,0.0,0.0,0.0,1.0,0.0,0.0,0.0,0.0,0.0,0.0,0.0,,,,,,,,,,,,,
https://github.com/jvaubourg/puppetlabs-nginxpack,puppetlabs-nginxpack,,C:\Users\chems/repositories/jvaubourg/puppetlabs-nginxpack\templates,0.0,0.0,0.0,0.0,0.0,0.0,1.0,0.0,0.0,0.0,0.0,0.0,0.0,0.0,,,,,,,,,,,,,
https://github.com/wso2/aws-apim,aws-apim,,C:\Users\chems/repositories/wso2/aws-apim\.git,0.0,0.0,0.0,0.0,0.0,0.0,1.0,0.0,0.0,0.0,0.0,0.0,0.0,0.0,,,,,,,,,,,,,
https://github.com/wso2/aws-apim,aws-apim,,C:\Users\chems/repositories/wso2/aws-apim\database,0.0,0.0,0.0,0.0,0.0,0.0,1.0,0.0,0.0,0.0,0.0,0.0,0.0,0.0,,,,,,,,,,,,,
https://github.com/wso2/aws-apim,aws-apim,,C:\Users\chems/repositories/wso2/aws-apim\images,0.0,0.0,0.0,0.0,0.0,0.0,1.0,0.0,0.0,0.0,0.0,0.0,0.0,0.0,,,,,,,,,,,,,
https://github.com/wso2/aws-apim,aws-apim,,C:\Users\chems/repositories/wso2/aws-apim\network,0.0,0.0,0.0,0.0,0.0,0.0,1.0,0.0,0.0,0.0,0.0,0.0,0.0,0.0,,,,,,,,,,,,,
https://github.com/wso2/aws-apim,aws-apim,,C:\Users\chems/repositories/wso2/aws-apim\pattern-1,0.0,0.0,0.0,0.0,0.0,0.0,1.0,0.0,0.0,0.0,0.0,0.0,0.0,0.0,,,,,,,,,,,,,
https://github.com/wso2/aws-apim,aws-apim,,C:\Users\chems/repositories/wso2/aws-apim\product,0.0,0.0,0.0,0.0,0.0,0.0,1.0,0.0,0.0,0.0,0.0,0.0,0.0,0.0,,,,,,,,,,,,,
https://github.com/counsyl/puppet-windows,puppet-windows,,C:\Users\chems/repositories/counsyl/puppet-windows\.git,0.0,0.0,0.0,0.0,0.0,0.0,1.0,0.0,0.0,0.0,0.0,0.0,0.0,0.0,,,,,,,,,,,,,
https://github.com/counsyl/puppet-windows,puppet-windows,,C:\Users\chems/repositories/counsyl/puppet-windows\manifests,0.0,0.0,0.0,0.0,0.0,0.0,1.0,0.0,0.0,0.0,0.0,0.0,0.0,0.0,,,,,,,,,,,,,
https://github.com/counsyl/puppet-windows,puppet-windows,,C:\Users\chems/repositories/counsyl/puppet-windows\templates,0.0,0.0,0.0,0.0,0.0,0.0,1.0,0.0,0.0,0.0,0.0,0.0,0.0,0.0,,,,,,,,,,,,,
https://github.com/cohdjn/cisecurity,cisecurity,,C:\Users\chems/repositories/cohdjn/cisecurity\.git,0.0,0.0,0.0,0.0,0.0,0.0,1.0,0.0,0.0,0.0,0.0,0.0,0.0,0.0,,,,,,,,,,,,,
https://github.com/cohdjn/cisecurity,cisecurity,,C:\Users\chems/repositories/cohdjn/cisecurity\data,0.0,0.0,0.0,0.0,0.0,0.0,1.0,0.0,0.0,0.0,0.0,0.0,0.0,0.0,,,,,,,,,,,,,
https://github.com/cohdjn/cisecurity,cisecurity,,C:\Users\chems/repositories/cohdjn/cisecurity\examples,0.0,0.0,0.0,0.0,0.0,0.0,1.0,0.0,0.0,1.0,0.0,0.0,0.0,0.0,,,,,,,,,,,,,
https://github.com/cohdjn/cisecurity,cisecurity,,C:\Users\chems/repositories/cohdjn/cisecurity\files,0.0,0.0,0.0,0.0,0.0,0.0,1.0,0.0,0.0,0.0,0.0,0.0,0.0,0.0,,,,,,,,,,,,,
https://github.com/cohdjn/cisecurity,cisecurity,,C:\Users\chems/repositories/cohdjn/cisecurity\lib,0.0,0.0,0.0,0.0,0.0,0.0,1.0,0.0,0.0,0.0,0.0,0.0,0.0,0.0,,,,,,,,,,,,,
https://github.com/cohdjn/cisecurity,cisecurity,,C:\Users\chems/repositories/cohdjn/cisecurity\manifests,0.0,0.0,0.0,0.0,0.0,0.0,1.0,0.0,0.0,10.0,0.0,0.0,0.0,0.0,,,,,,,,,,,,,
https://github.com/cohdjn/cisecurity,cisecurity,,C:\Users\chems/repositories/cohdjn/cisecurity\templates,0.0,0.0,0.0,0.0,0.0,0.0,1.0,0.0,0.0,0.0,0.0,0.0,0.0,0.0,,,,,,,,,,,,,
https://github.com/fraenki/puppet-acme,puppet-acme,,C:\Users\chems/repositories/fraenki/puppet-acme\.devcontainer,0.0,0.0,0.0,0.0,0.0,0.0,1.0,0.0,0.0,0.0,0.0,0.0,0.0,0.0,,,,,,,,,,,,,
https://github.com/fraenki/puppet-acme,puppet-acme,,C:\Users\chems/repositories/fraenki/puppet-acme\.git,0.0,0.0,0.0,0.0,0.0,0.0,1.0,0.0,0.0,0.0,0.0,0.0,0.0,0.0,,,,,,,,,,,,,
https://github.com/fraenki/puppet-acme,puppet-acme,,C:\Users\chems/repositories/fraenki/puppet-acme\.github,0.0,0.0,0.0,0.0,0.0,0.0,1.0,0.0,0.0,0.0,0.0,0.0,0.0,0.0,,,,,,,,,,,,,
https://github.com/fraenki/puppet-acme,puppet-acme,,C:\Users\chems/repositories/fraenki/puppet-acme\.vscode,0.0,0.0,0.0,0.0,0.0,0.0,1.0,0.0,0.0,0.0,0.0,0.0,0.0,0.0,,,,,,,,,,,,,
https://github.com/fraenki/puppet-acme,puppet-acme,,C:\Users\chems/repositories/fraenki/puppet-acme\data,0.0,0.0,0.0,0.0,0.0,0.0,1.0,0.0,0.0,0.0,0.0,0.0,0.0,0.0,,,,,,,,,,,,,
https://github.com/fraenki/puppet-acme,puppet-acme,,C:\Users\chems/repositories/fraenki/puppet-acme\lib,0.0,0.0,0.0,0.0,0.0,0.0,1.0,0.0,0.0,0.0,0.0,0.0,0.0,0.0,,,,,,,,,,,,,
https://github.com/fraenki/puppet-acme,puppet-acme,,C:\Users\chems/repositories/fraenki/puppet-acme\manifests,0.0,0.0,0.0,0.0,0.0,0.0,1.0,0.0,0.0,1.0,0.0,0.0,0.0,0.0,,,,,,,,,,,,,
https://github.com/fraenki/puppet-acme,puppet-acme,,C:\Users\chems/repositories/fraenki/puppet-acme\spec,0.0,0.0,0.0,0.0,0.0,0.0,1.0,0.0,0.0,0.0,0.0,0.0,0.0,0.0,,,,,,,,,,,,,
https://github.com/fraenki/puppet-acme,puppet-acme,,C:\Users\chems/repositories/fraenki/puppet-acme\templates,0.0,0.0,0.0,0.0,0.0,0.0,1.0,0.0,0.0,0.0,0.0,0.0,0.0,0.0,,,,,,,,,,,,,
https://github.com/hesco/hesco-weave,hesco-weave,,C:\Users\chems/repositories/hesco/hesco-weave\.git,0.0,0.0,0.0,0.0,0.0,0.0,1.0,0.0,0.0,0.0,0.0,0.0,0.0,0.0,,,,,,,,,,,,,
https://github.com/hesco/hesco-weave,hesco-weave,,C:\Users\chems/repositories/hesco/hesco-weave\files,0.0,0.0,0.0,0.0,0.0,0.0,1.0,0.0,0.0,0.0,0.0,0.0,0.0,0.0,,,,,,,,,,,,,
https://github.com/hesco/hesco-weave,hesco-weave,,C:\Users\chems/repositories/hesco/hesco-weave\lib,0.0,0.0,0.0,0.0,0.0,0.0,1.0,0.0,0.0,0.0,0.0,0.0,0.0,0.0,,,,,,,,,,,,,
https://github.com/hesco/hesco-weave,hesco-weave,,C:\Users\chems/repositories/hesco/hesco-weave\manifests,0.0,0.0,0.0,0.0,0.0,0.0,1.0,0.0,0.0,2.0,0.0,0.0,0.0,0.0,,,,,,,,,,,,,
https://github.com/hesco/hesco-weave,hesco-weave,,C:\Users\chems/repositories/hesco/hesco-weave\scripts,0.0,0.0,0.0,0.0,0.0,0.0,1.0,0.0,0.0,0.0,0.0,0.0,0.0,0.0,,,,,,,,,,,,,
https://github.com/hesco/hesco-weave,hesco-weave,,C:\Users\chems/repositories/hesco/hesco-weave\spec,0.0,0.0,0.0,0.0,0.0,0.0,1.0,0.0,0.0,0.0,0.0,0.0,0.0,0.0,,,,,,,,,,,,,
https://github.com/hesco/hesco-weave,hesco-weave,,C:\Users\chems/repositories/hesco/hesco-weave\tests,0.0,0.0,0.0,0.0,0.0,0.0,1.0,0.0,0.0,1.0,0.0,0.0,0.0,0.0,,,,,,,,,,,,,
https://github.com/jorritfolmer/puppet-splunk,puppet-splunk,,C:\Users\chems/repositories/jorritfolmer/puppet-splunk\.git,0.0,0.0,0.0,0.0,0.0,0.0,1.0,0.0,0.0,0.0,0.0,0.0,0.0,0.0,,,,,,,,,,,,,
https://github.com/jorritfolmer/puppet-splunk,puppet-splunk,,C:\Users\chems/repositories/jorritfolmer/puppet-splunk\.github,0.0,0.0,0.0,0.0,0.0,0.0,1.0,0.0,0.0,0.0,0.0,0.0,0.0,0.0,,,,,,,,,,,,,
https://github.com/jorritfolmer/puppet-splunk,puppet-splunk,,C:\Users\chems/repositories/jorritfolmer/puppet-splunk\data,0.0,0.0,0.0,0.0,0.0,0.0,1.0,0.0,0.0,0.0,0.0,0.0,0.0,0.0,,,,,,,,,,,,,
https://github.com/jorritfolmer/puppet-splunk,puppet-splunk,,C:\Users\chems/repositories/jorritfolmer/puppet-splunk\manifests,0.0,0.0,0.0,0.0,0.0,0.0,1.0,0.0,0.0,0.0,0.0,1.0,0.0,0.0,,,,,,,,,,,,,
https://github.com/jorritfolmer/puppet-splunk,puppet-splunk,,C:\Users\chems/repositories/jorritfolmer/puppet-splunk\spec,0.0,0.0,0.0,0.0,0.0,0.0,1.0,0.0,0.0,0.0,0.0,0.0,0.0,0.0,,,,,,,,,,,,,
https://github.com/jorritfolmer/puppet-splunk,puppet-splunk,,C:\Users\chems/repositories/jorritfolmer/puppet-splunk\templates,0.0,0.0,0.0,0.0,0.0,0.0,1.0,0.0,0.0,0.0,0.0,0.0,0.0,0.0,,,,,,,,,,,,,
https://github.com/jorritfolmer/puppet-splunk,puppet-splunk,,C:\Users\chems/repositories/jorritfolmer/puppet-splunk\tests,0.0,0.0,0.0,0.0,0.0,0.0,1.0,0.0,0.0,1.0,0.0,0.0,0.0,0.0,,,,,,,,,,,,,
https://github.com/eXist-db/puppet-existdb,puppet-existdb,,C:\Users\chems/repositories/eXist-db/puppet-existdb\.git,0.0,0.0,0.0,0.0,0.0,0.0,1.0,0.0,0.0,0.0,0.0,0.0,0.0,0.0,,,,,,,,,,,,,
https://github.com/eXist-db/puppet-existdb,puppet-existdb,,C:\Users\chems/repositories/eXist-db/puppet-existdb\examples,0.0,0.0,0.0,0.0,0.0,0.0,1.0,0.0,0.0,1.0,0.0,0.0,0.0,0.0,,,,,,,,,,,,,
https://github.com/eXist-db/puppet-existdb,puppet-existdb,,C:\Users\chems/repositories/eXist-db/puppet-existdb\files,0.0,0.0,0.0,0.0,0.0,0.0,1.0,0.0,0.0,0.0,0.0,0.0,0.0,0.0,,,,,,,,,,,,,
https://github.com/eXist-db/puppet-existdb,puppet-existdb,,C:\Users\chems/repositories/eXist-db/puppet-existdb\manifests,0.0,0.0,0.0,0.0,0.0,0.0,1.0,0.0,0.0,2.0,0.0,1.0,0.0,0.0,,,,,,,,,,,,,
https://github.com/eXist-db/puppet-existdb,puppet-existdb,,C:\Users\chems/repositories/eXist-db/puppet-existdb\spec,0.0,0.0,0.0,0.0,0.0,0.0,1.0,0.0,0.0,0.0,0.0,0.0,0.0,0.0,,,,,,,,,,,,,
https://github.com/lvicainne/puppet-opendkim,puppet-opendkim,,C:\Users\chems/repositories/lvicainne/puppet-opendkim\.git,0.0,0.0,0.0,0.0,0.0,0.0,1.0,0.0,0.0,0.0,0.0,0.0,0.0,0.0,,,,,,,,,,,,,
https://github.com/lvicainne/puppet-opendkim,puppet-opendkim,,C:\Users\chems/repositories/lvicainne/puppet-opendkim\files,0.0,0.0,0.0,0.0,0.0,0.0,1.0,0.0,0.0,0.0,0.0,0.0,0.0,0.0,,,,,,,,,,,,,
https://github.com/lvicainne/puppet-opendkim,puppet-opendkim,,C:\Users\chems/repositories/lvicainne/puppet-opendkim\manifests,0.0,0.0,0.0,0.0,0.0,0.0,1.0,0.0,0.0,0.0,0.0,0.0,0.0,0.0,,,,,,,,,,,,,
https://github.com/lvicainne/puppet-opendkim,puppet-opendkim,,C:\Users\chems/repositories/lvicainne/puppet-opendkim\spec,0.0,0.0,0.0,0.0,0.0,0.0,1.0,0.0,0.0,0.0,0.0,0.0,0.0,0.0,,,,,,,,,,,,,
https://github.com/lvicainne/puppet-opendkim,puppet-opendkim,,C:\Users\chems/repositories/lvicainne/puppet-opendkim\templates,0.0,0.0,0.0,0.0,0.0,0.0,1.0,0.0,0.0,0.0,0.0,0.0,0.0,0.0,,,,,,,,,,,,,
https://github.com/xneelo/hetzner-roundcube,hetzner-roundcube,,C:\Users\chems/repositories/xneelo/hetzner-roundcube\.git,0.0,0.0,0.0,0.0,0.0,0.0,1.0,0.0,0.0,0.0,0.0,0.0,0.0,0.0,,,,,,,,,,,,,
https://github.com/xneelo/hetzner-roundcube,hetzner-roundcube,,C:\Users\chems/repositories/xneelo/hetzner-roundcube\files,0.0,0.0,0.0,0.0,0.0,0.0,1.0,0.0,0.0,0.0,0.0,0.0,0.0,0.0,,,,,,,,,,,,,
https://github.com/xneelo/hetzner-roundcube,hetzner-roundcube,,C:\Users\chems/repositories/xneelo/hetzner-roundcube\manifests,0.0,0.0,0.0,0.0,0.0,0.0,1.0,0.0,0.0,2.0,0.0,0.0,0.0,0.0,,,,,,,,,,,,,
https://github.com/xneelo/hetzner-roundcube,hetzner-roundcube,,C:\Users\chems/repositories/xneelo/hetzner-roundcube\spec,0.0,0.0,0.0,0.0,0.0,0.0,1.0,0.0,0.0,0.0,0.0,0.0,0.0,0.0,,,,,,,,,,,,,
https://github.com/xneelo/hetzner-roundcube,hetzner-roundcube,,C:\Users\chems/repositories/xneelo/hetzner-roundcube\templates,0.0,0.0,0.0,0.0,0.0,0.0,1.0,0.0,0.0,0.0,0.0,0.0,0.0,0.0,,,,,,,,,,,,,
https://github.com/xneelo/hetzner-roundcube,hetzner-roundcube,,C:\Users\chems/repositories/xneelo/hetzner-roundcube\tests,0.0,0.0,0.0,0.0,0.0,0.0,1.0,0.0,0.0,1.0,0.0,0.0,0.0,0.0,,,,,,,,,,,,,
https://github.com/antoineco/aco-oracle_java,aco-oracle_java,,C:\Users\chems/repositories/antoineco/aco-oracle_java\.git,0.0,0.0,0.0,0.0,0.0,0.0,1.0,0.0,0.0,0.0,0.0,0.0,0.0,0.0,,,,,,,,,,,,,
https://github.com/antoineco/aco-oracle_java,aco-oracle_java,,C:\Users\chems/repositories/antoineco/aco-oracle_java\lib,0.0,0.0,0.0,0.0,0.0,0.0,1.0,0.0,0.0,0.0,0.0,0.0,0.0,0.0,,,,,,,,,,,,,
https://github.com/antoineco/aco-oracle_java,aco-oracle_java,,C:\Users\chems/repositories/antoineco/aco-oracle_java\manifests,0.0,0.0,0.0,0.0,0.0,0.0,1.0,0.0,0.0,2.0,0.0,1.0,0.0,0.0,,,,,,,,,,,,,
https://github.com/edestecd/puppet-clamav,puppet-clamav,,C:\Users\chems/repositories/edestecd/puppet-clamav\.git,0.0,0.0,0.0,0.0,0.0,0.0,1.0,0.0,0.0,0.0,0.0,0.0,0.0,0.0,,,,,,,,,,,,,
https://github.com/edestecd/puppet-clamav,puppet-clamav,,C:\Users\chems/repositories/edestecd/puppet-clamav\.vscode,0.0,0.0,0.0,0.0,0.0,0.0,1.0,0.0,0.0,0.0,0.0,0.0,0.0,0.0,,,,,,,,,,,,,
https://github.com/edestecd/puppet-clamav,puppet-clamav,,C:\Users\chems/repositories/edestecd/puppet-clamav\manifests,0.0,0.0,0.0,0.0,0.0,0.0,1.0,0.0,0.0,0.0,0.0,1.0,0.0,0.0,,,,,,,,,,,,,
https://github.com/edestecd/puppet-clamav,puppet-clamav,,C:\Users\chems/repositories/edestecd/puppet-clamav\spec,0.0,0.0,0.0,0.0,0.0,0.0,1.0,0.0,0.0,0.0,0.0,0.0,0.0,0.0,,,,,,,,,,,,,
https://github.com/edestecd/puppet-clamav,puppet-clamav,,C:\Users\chems/repositories/edestecd/puppet-clamav\templates,0.0,0.0,0.0,0.0,0.0,0.0,1.0,0.0,0.0,0.0,0.0,0.0,0.0,0.0,,,,,,,,,,,,,
https://github.com/covermymeds/puppet-sentry,puppet-sentry,,C:\Users\chems/repositories/covermymeds/puppet-sentry\.git,0.0,0.0,0.0,0.0,0.0,0.0,1.0,0.0,0.0,0.0,0.0,0.0,0.0,0.0,,,,,,,,,,,,,
https://github.com/covermymeds/puppet-sentry,puppet-sentry,,C:\Users\chems/repositories/covermymeds/puppet-sentry\examples,0.0,0.0,0.0,0.0,0.0,0.0,1.0,0.0,0.0,0.0,0.0,0.0,0.0,0.0,,,,,,,,,,,,,
https://github.com/covermymeds/puppet-sentry,puppet-sentry,,C:\Users\chems/repositories/covermymeds/puppet-sentry\files,0.0,0.0,0.0,0.0,0.0,0.0,1.0,0.0,0.0,0.0,0.0,0.0,0.0,0.0,,,,,,,,,,,,,
https://github.com/covermymeds/puppet-sentry,puppet-sentry,,C:\Users\chems/repositories/covermymeds/puppet-sentry\manifests,0.0,0.0,0.0,0.0,0.0,0.0,1.0,0.0,0.0,6.0,0.0,1.0,0.0,0.0,,,,,,,,,,,,,
https://github.com/covermymeds/puppet-sentry,puppet-sentry,,C:\Users\chems/repositories/covermymeds/puppet-sentry\spec,0.0,0.0,0.0,0.0,0.0,0.0,1.0,0.0,0.0,0.0,0.0,0.0,0.0,0.0,,,,,,,,,,,,,
https://github.com/covermymeds/puppet-sentry,puppet-sentry,,C:\Users\chems/repositories/covermymeds/puppet-sentry\templates,0.0,0.0,0.0,0.0,0.0,0.0,1.0,0.0,0.0,0.0,0.0,0.0,0.0,0.0,,,,,,,,,,,,,
https://github.com/odinje/puppet-suricata,puppet-suricata,,C:\Users\chems/repositories/odinje/puppet-suricata\.git,0.0,0.0,0.0,0.0,0.0,0.0,1.0,0.0,0.0,0.0,0.0,0.0,0.0,0.0,,,,,,,,,,,,,
https://github.com/odinje/puppet-suricata,puppet-suricata,,C:\Users\chems/repositories/odinje/puppet-suricata\data,0.0,0.0,0.0,0.0,0.0,0.0,1.0,0.0,0.0,0.0,0.0,0.0,0.0,0.0,,,,,,,,,,,,,
https://github.com/odinje/puppet-suricata,puppet-suricata,,C:\Users\chems/repositories/odinje/puppet-suricata\examples,0.0,0.0,0.0,0.0,0.0,0.0,1.0,0.0,0.0,1.0,0.0,0.0,0.0,0.0,,,,,,,,,,,,,
https://github.com/odinje/puppet-suricata,puppet-suricata,,C:\Users\chems/repositories/odinje/puppet-suricata\lib,0.0,0.0,0.0,0.0,0.0,0.0,1.0,0.0,0.0,0.0,0.0,0.0,0.0,0.0,,,,,,,,,,,,,
https://github.com/odinje/puppet-suricata,puppet-suricata,,C:\Users\chems/repositories/odinje/puppet-suricata\manifests,0.0,0.0,0.0,0.0,0.0,0.0,1.0,0.0,0.0,2.0,0.0,0.0,0.0,0.0,,,,,,,,,,,,,
https://github.com/odinje/puppet-suricata,puppet-suricata,,C:\Users\chems/repositories/odinje/puppet-suricata\spec,0.0,0.0,0.0,0.0,0.0,0.0,1.0,0.0,0.0,0.0,0.0,0.0,0.0,0.0,,,,,,,,,,,,,
https://github.com/odinje/puppet-suricata,puppet-suricata,,C:\Users\chems/repositories/odinje/puppet-suricata\templates,0.0,0.0,0.0,0.0,0.0,0.0,1.0,0.0,0.0,0.0,0.0,0.0,0.0,0.0,,,,,,,,,,,,,
https://github.com/google/rpki-mgmt,rpki-mgmt,,C:\Users\chems/repositories/google/rpki-mgmt\.git,0.0,0.0,0.0,0.0,0.0,0.0,1.0,0.0,0.0,0.0,0.0,0.0,0.0,0.0,,,,,,,,,,,,,
https://github.com/google/rpki-mgmt,rpki-mgmt,,C:\Users\chems/repositories/google/rpki-mgmt\puppet,0.0,0.0,0.0,0.0,0.0,0.0,0.0,0.0,0.0,2.0,0.0,1.0,0.0,0.0,,,,,,,,,,,,,
https://github.com/thias/puppet-bind,puppet-bind,,C:\Users\chems/repositories/thias/puppet-bind\.git,0.0,0.0,0.0,0.0,0.0,0.0,1.0,0.0,0.0,0.0,0.0,0.0,0.0,0.0,,,,,,,,,,,,,
https://github.com/thias/puppet-bind,puppet-bind,,C:\Users\chems/repositories/thias/puppet-bind\files,0.0,0.0,0.0,0.0,0.0,0.0,1.0,0.0,0.0,0.0,0.0,0.0,0.0,0.0,,,,,,,,,,,,,
https://github.com/thias/puppet-bind,puppet-bind,,C:\Users\chems/repositories/thias/puppet-bind\manifests,0.0,0.0,0.0,0.0,0.0,0.0,1.0,0.0,0.0,0.0,0.0,1.0,0.0,0.0,,,,,,,,,,,,,
https://github.com/thias/puppet-bind,puppet-bind,,C:\Users\chems/repositories/thias/puppet-bind\spec,0.0,0.0,0.0,0.0,0.0,0.0,1.0,0.0,0.0,0.0,0.0,0.0,0.0,0.0,,,,,,,,,,,,,
https://github.com/thias/puppet-bind,puppet-bind,,C:\Users\chems/repositories/thias/puppet-bind\templates,0.0,0.0,0.0,0.0,0.0,0.0,1.0,0.0,0.0,0.0,0.0,0.0,0.0,0.0,,,,,,,,,,,,,
https://github.com/thias/puppet-bind,puppet-bind,,C:\Users\chems/repositories/thias/puppet-bind\tests,0.0,0.0,0.0,0.0,0.0,0.0,1.0,0.0,0.0,1.0,0.0,0.0,0.0,0.0,,,,,,,,,,,,,
https://github.com/2ndquadrant-it/puppet-barman,puppet-barman,,C:\Users\chems/repositories/2ndquadrant-it/puppet-barman\.git,0.0,0.0,0.0,0.0,0.0,0.0,1.0,0.0,0.0,0.0,0.0,0.0,0.0,0.0,,,,,,,,,,,,,
https://github.com/2ndquadrant-it/puppet-barman,puppet-barman,,C:\Users\chems/repositories/2ndquadrant-it/puppet-barman\examples,0.0,0.0,0.0,0.0,0.0,0.0,1.0,0.0,0.0,1.0,0.0,0.0,0.0,0.0,,,,,,,,,,,,,
https://github.com/2ndquadrant-it/puppet-barman,puppet-barman,,C:\Users\chems/repositories/2ndquadrant-it/puppet-barman\lib,0.0,0.0,0.0,0.0,0.0,0.0,1.0,0.0,0.0,0.0,0.0,0.0,0.0,0.0,,,,,,,,,,,,,
https://github.com/2ndquadrant-it/puppet-barman,puppet-barman,,C:\Users\chems/repositories/2ndquadrant-it/puppet-barman\manifests,0.0,0.0,0.0,0.0,0.0,0.0,1.0,0.0,0.0,1.0,0.0,1.0,0.0,0.0,,,,,,,,,,,,,
https://github.com/2ndquadrant-it/puppet-barman,puppet-barman,,C:\Users\chems/repositories/2ndquadrant-it/puppet-barman\spec,0.0,0.0,0.0,0.0,0.0,0.0,1.0,0.0,0.0,0.0,0.0,0.0,0.0,0.0,,,,,,,,,,,,,
https://github.com/2ndquadrant-it/puppet-barman,puppet-barman,,C:\Users\chems/repositories/2ndquadrant-it/puppet-barman\templates,0.0,0.0,0.0,0.0,0.0,0.0,1.0,0.0,0.0,0.0,0.0,0.0,0.0,0.0,,,,,,,,,,,,,
https://github.com/justicel/puppet-phpmyadmin,puppet-phpmyadmin,,C:\Users\chems/repositories/justicel/puppet-phpmyadmin\.git,0.0,0.0,0.0,0.0,0.0,0.0,1.0,0.0,0.0,0.0,0.0,0.0,0.0,0.0,,,,,,,,,,,,,
https://github.com/justicel/puppet-phpmyadmin,puppet-phpmyadmin,,C:\Users\chems/repositories/justicel/puppet-phpmyadmin\manifests,0.0,0.0,0.0,0.0,0.0,0.0,1.0,0.0,0.0,3.0,0.0,0.0,0.0,0.0,,,,,,,,,,,,,
https://github.com/justicel/puppet-phpmyadmin,puppet-phpmyadmin,,C:\Users\chems/repositories/justicel/puppet-phpmyadmin\spec,0.0,0.0,0.0,0.0,0.0,0.0,1.0,0.0,0.0,0.0,0.0,0.0,0.0,0.0,,,,,,,,,,,,,
https://github.com/justicel/puppet-phpmyadmin,puppet-phpmyadmin,,C:\Users\chems/repositories/justicel/puppet-phpmyadmin\templates,0.0,0.0,0.0,0.0,0.0,0.0,1.0,0.0,0.0,0.0,0.0,0.0,0.0,0.0,,,,,,,,,,,,,
https://github.com/justicel/puppet-phpmyadmin,puppet-phpmyadmin,,C:\Users\chems/repositories/justicel/puppet-phpmyadmin\tests,0.0,0.0,0.0,0.0,0.0,0.0,1.0,0.0,0.0,1.0,0.0,0.0,0.0,0.0,,,,,,,,,,,,,
https://github.com/frankiethekneeman/puppet-gitlab-ci-multi-runner,puppet-gitlab-ci-multi-runner,,C:\Users\chems/repositories/frankiethekneeman/puppet-gitlab-ci-multi-runner\.git,0.0,0.0,0.0,0.0,0.0,0.0,1.0,0.0,0.0,0.0,0.0,0.0,0.0,0.0,,,,,,,,,,,,,
https://github.com/frankiethekneeman/puppet-gitlab-ci-multi-runner,puppet-gitlab-ci-multi-runner,,C:\Users\chems/repositories/frankiethekneeman/puppet-gitlab-ci-multi-runner\manifests,0.0,0.0,0.0,0.0,0.0,0.0,1.0,0.0,0.0,0.0,0.0,0.0,2.0,0.0,,,,,,,,,,,,,
https://github.com/hfm/puppet-remi,puppet-remi,,C:\Users\chems/repositories/hfm/puppet-remi\.git,0.0,0.0,0.0,0.0,0.0,0.0,1.0,0.0,0.0,0.0,0.0,0.0,0.0,0.0,,,,,,,,,,,,,
https://github.com/hfm/puppet-remi,puppet-remi,,C:\Users\chems/repositories/hfm/puppet-remi\examples,0.0,0.0,0.0,0.0,0.0,0.0,1.0,0.0,0.0,1.0,0.0,0.0,0.0,0.0,,,,,,,,,,,,,
https://github.com/hfm/puppet-remi,puppet-remi,,C:\Users\chems/repositories/hfm/puppet-remi\files,0.0,0.0,0.0,0.0,0.0,0.0,1.0,0.0,0.0,0.0,0.0,0.0,0.0,0.0,,,,,,,,,,,,,
https://github.com/hfm/puppet-remi,puppet-remi,,C:\Users\chems/repositories/hfm/puppet-remi\manifests,0.0,0.0,0.0,0.0,0.0,0.0,1.0,0.0,0.0,2.0,0.0,0.0,0.0,0.0,,,,,,,,,,,,,
https://github.com/hfm/puppet-remi,puppet-remi,,C:\Users\chems/repositories/hfm/puppet-remi\spec,0.0,0.0,0.0,0.0,0.0,0.0,1.0,0.0,0.0,0.0,0.0,0.0,0.0,0.0,,,,,,,,,,,,,
https://github.com/jpadams/runyer,runyer,,C:\Users\chems/repositories/jpadams/runyer\.git,0.0,0.0,0.0,0.0,0.0,0.0,1.0,0.0,0.0,0.0,0.0,0.0,0.0,0.0,,,,,,,,,,,,,
https://github.com/jpadams/runyer,runyer,,C:\Users\chems/repositories/jpadams/runyer\manifests,0.0,0.0,0.0,0.0,0.0,0.0,1.0,0.0,0.0,0.0,0.0,1.0,0.0,0.0,,,,,,,,,,,,,
https://github.com/jpadams/runyer,runyer,,C:\Users\chems/repositories/jpadams/runyer\templates,0.0,0.0,0.0,0.0,0.0,0.0,1.0,0.0,0.0,0.0,0.0,0.0,0.0,0.0,,,,,,,,,,,,,
https://github.com/Ginja/puppet_stack,puppet_stack,,C:\Users\chems/repositories/Ginja/puppet_stack\.git,0.0,0.0,0.0,0.0,0.0,0.0,1.0,0.0,0.0,0.0,0.0,0.0,0.0,0.0,,,,,,,,,,,,,
https://github.com/Ginja/puppet_stack,puppet_stack,,C:\Users\chems/repositories/Ginja/puppet_stack\files,0.0,0.0,0.0,0.0,0.0,0.0,1.0,0.0,0.0,0.0,0.0,0.0,0.0,0.0,,,,,,,,,,,,,
https://github.com/Ginja/puppet_stack,puppet_stack,,C:\Users\chems/repositories/Ginja/puppet_stack\manifests,0.0,0.0,0.0,0.0,0.0,0.0,1.0,0.0,0.0,7.0,0.0,1.0,1.0,0.0,,,,,,,,,,,,,
https://github.com/Ginja/puppet_stack,puppet_stack,,C:\Users\chems/repositories/Ginja/puppet_stack\spec,0.0,0.0,0.0,0.0,0.0,0.0,1.0,0.0,0.0,0.0,0.0,0.0,0.0,0.0,,,,,,,,,,,,,
https://github.com/Ginja/puppet_stack,puppet_stack,,C:\Users\chems/repositories/Ginja/puppet_stack\templates,0.0,0.0,0.0,0.0,0.0,0.0,1.0,0.0,0.0,0.0,0.0,0.0,0.0,0.0,,,,,,,,,,,,,
https://github.com/Ginja/puppet_stack,puppet_stack,,C:\Users\chems/repositories/Ginja/puppet_stack\tests,0.0,0.0,0.0,0.0,0.0,0.0,1.0,0.0,0.0,1.0,0.0,0.0,0.0,0.0,,,,,,,,,,,,,
https://github.com/tykeal/puppet-gerrit,puppet-gerrit,,C:\Users\chems/repositories/tykeal/puppet-gerrit\.git,0.0,0.0,0.0,0.0,0.0,0.0,1.0,0.0,0.0,0.0,0.0,0.0,0.0,0.0,,,,,,,,,,,,,
https://github.com/tykeal/puppet-gerrit,puppet-gerrit,,C:\Users\chems/repositories/tykeal/puppet-gerrit\files,0.0,0.0,0.0,0.0,0.0,0.0,1.0,0.0,0.0,0.0,0.0,0.0,0.0,0.0,,,,,,,,,,,,,
https://github.com/tykeal/puppet-gerrit,puppet-gerrit,,C:\Users\chems/repositories/tykeal/puppet-gerrit\manifests,0.0,0.0,0.0,0.0,0.0,0.0,1.0,0.0,0.0,3.0,0.0,0.0,0.0,0.0,,,,,,,,,,,,,
https://github.com/tykeal/puppet-gerrit,puppet-gerrit,,C:\Users\chems/repositories/tykeal/puppet-gerrit\spec,0.0,0.0,0.0,0.0,0.0,0.0,1.0,0.0,0.0,0.0,0.0,0.0,0.0,0.0,,,,,,,,,,,,,
https://github.com/tykeal/puppet-gerrit,puppet-gerrit,,C:\Users\chems/repositories/tykeal/puppet-gerrit\templates,0.0,0.0,0.0,0.0,0.0,0.0,1.0,0.0,0.0,0.0,0.0,0.0,0.0,0.0,,,,,,,,,,,,,
https://github.com/tykeal/puppet-gerrit,puppet-gerrit,,C:\Users\chems/repositories/tykeal/puppet-gerrit\tests,0.0,0.0,0.0,0.0,0.0,0.0,1.0,0.0,0.0,1.0,0.0,0.0,0.0,0.0,,,,,,,,,,,,,
https://github.com/whefter/puppet-syncthing,puppet-syncthing,,C:\Users\chems/repositories/whefter/puppet-syncthing\.git,0.0,0.0,0.0,0.0,0.0,0.0,1.0,0.0,0.0,0.0,0.0,0.0,0.0,0.0,,,,,,,,,,,,,
https://github.com/whefter/puppet-syncthing,puppet-syncthing,,C:\Users\chems/repositories/whefter/puppet-syncthing\lib,0.0,0.0,0.0,0.0,0.0,0.0,1.0,0.0,0.0,0.0,0.0,0.0,0.0,0.0,,,,,,,,,,,,,
https://github.com/whefter/puppet-syncthing,puppet-syncthing,,C:\Users\chems/repositories/whefter/puppet-syncthing\manifests,0.0,0.0,0.0,0.0,0.0,0.0,1.0,0.0,0.0,1.0,0.0,0.0,0.0,0.0,,,,,,,,,,,,,
https://github.com/whefter/puppet-syncthing,puppet-syncthing,,C:\Users\chems/repositories/whefter/puppet-syncthing\spec,0.0,0.0,0.0,0.0,0.0,0.0,1.0,0.0,0.0,0.0,0.0,0.0,0.0,0.0,,,,,,,,,,,,,
https://github.com/whefter/puppet-syncthing,puppet-syncthing,,C:\Users\chems/repositories/whefter/puppet-syncthing\templates,0.0,0.0,0.0,0.0,0.0,0.0,1.0,0.0,0.0,0.0,0.0,0.0,0.0,0.0,,,,,,,,,,,,,
https://github.com/whefter/puppet-syncthing,puppet-syncthing,,C:\Users\chems/repositories/whefter/puppet-syncthing\tests,0.0,0.0,0.0,0.0,0.0,0.0,1.0,0.0,0.0,1.0,0.0,0.0,0.0,0.0,,,,,,,,,,,,,
https://github.com/arildjensen/cis-puppet,cis-puppet,,C:\Users\chems/repositories/arildjensen/cis-puppet\.git,0.0,0.0,0.0,0.0,0.0,0.0,1.0,0.0,0.0,0.0,0.0,0.0,0.0,0.0,,,,,,,,,,,,,
https://github.com/arildjensen/cis-puppet,cis-puppet,,C:\Users\chems/repositories/arildjensen/cis-puppet\files,0.0,0.0,0.0,0.0,0.0,0.0,1.0,0.0,0.0,0.0,0.0,0.0,0.0,0.0,,,,,,,,,,,,,
https://github.com/arildjensen/cis-puppet,cis-puppet,,C:\Users\chems/repositories/arildjensen/cis-puppet\lib,0.0,0.0,0.0,0.0,0.0,0.0,1.0,0.0,0.0,0.0,0.0,0.0,0.0,0.0,,,,,,,,,,,,,
https://github.com/arildjensen/cis-puppet,cis-puppet,,C:\Users\chems/repositories/arildjensen/cis-puppet\manifests,0.0,0.0,0.0,0.0,0.0,0.0,1.0,0.0,0.0,3.0,0.0,0.0,0.0,0.0,,,,,,,,,,,,,
https://github.com/arildjensen/cis-puppet,cis-puppet,,C:\Users\chems/repositories/arildjensen/cis-puppet\templates,0.0,0.0,0.0,0.0,0.0,0.0,1.0,0.0,0.0,0.0,0.0,0.0,0.0,0.0,,,,,,,,,,,,,
https://github.com/puppetlabs/puppetlabs-patching_as_code,puppetlabs-patching_as_code,,C:\Users\chems/repositories/puppetlabs/puppetlabs-patching_as_code\.devcontainer,0.0,0.0,0.0,0.0,0.0,0.0,1.0,0.0,0.0,0.0,0.0,0.0,0.0,0.0,,,,,,,,,,,,,
https://github.com/puppetlabs/puppetlabs-patching_as_code,puppetlabs-patching_as_code,,C:\Users\chems/repositories/puppetlabs/puppetlabs-patching_as_code\.git,0.0,0.0,0.0,0.0,0.0,0.0,1.0,0.0,0.0,0.0,0.0,0.0,0.0,0.0,,,,,,,,,,,,,
https://github.com/puppetlabs/puppetlabs-patching_as_code,puppetlabs-patching_as_code,,C:\Users\chems/repositories/puppetlabs/puppetlabs-patching_as_code\.github,0.0,0.0,0.0,0.0,0.0,0.0,1.0,0.0,0.0,0.0,0.0,0.0,0.0,0.0,,,,,,,,,,,,,
https://github.com/puppetlabs/puppetlabs-patching_as_code,puppetlabs-patching_as_code,,C:\Users\chems/repositories/puppetlabs/puppetlabs-patching_as_code\.vscode,0.0,0.0,0.0,0.0,0.0,0.0,1.0,0.0,0.0,0.0,0.0,0.0,0.0,0.0,,,,,,,,,,,,,
https://github.com/puppetlabs/puppetlabs-patching_as_code,puppetlabs-patching_as_code,,C:\Users\chems/repositories/puppetlabs/puppetlabs-patching_as_code\data,0.0,0.0,0.0,0.0,0.0,0.0,1.0,0.0,0.0,0.0,0.0,0.0,0.0,0.0,,,,,,,,,,,,,
https://github.com/puppetlabs/puppetlabs-patching_as_code,puppetlabs-patching_as_code,,C:\Users\chems/repositories/puppetlabs/puppetlabs-patching_as_code\files,0.0,0.0,0.0,0.0,0.0,0.0,1.0,0.0,0.0,0.0,0.0,0.0,0.0,0.0,,,,,,,,,,,,,
https://github.com/puppetlabs/puppetlabs-patching_as_code,puppetlabs-patching_as_code,,C:\Users\chems/repositories/puppetlabs/puppetlabs-patching_as_code\functions,0.0,0.0,0.0,0.0,0.0,0.0,1.0,0.0,0.0,0.0,0.0,0.0,0.0,0.0,,,,,,,,,,,,,
https://github.com/puppetlabs/puppetlabs-patching_as_code,puppetlabs-patching_as_code,,C:\Users\chems/repositories/puppetlabs/puppetlabs-patching_as_code\lib,0.0,0.0,0.0,0.0,0.0,0.0,1.0,0.0,0.0,0.0,0.0,0.0,0.0,0.0,,,,,,,,,,,,,
https://github.com/puppetlabs/puppetlabs-patching_as_code,puppetlabs-patching_as_code,,C:\Users\chems/repositories/puppetlabs/puppetlabs-patching_as_code\manifests,0.0,0.0,0.0,0.0,0.0,0.0,1.0,0.0,0.0,4.0,0.0,0.0,0.0,0.0,,,,,,,,,,,,,
https://github.com/puppetlabs/puppetlabs-patching_as_code,puppetlabs-patching_as_code,,C:\Users\chems/repositories/puppetlabs/puppetlabs-patching_as_code\spec,0.0,0.0,0.0,0.0,0.0,0.0,1.0,0.0,0.0,0.0,0.0,0.0,0.0,0.0,,,,,,,,,,,,,
https://github.com/puppetlabs/puppetlabs-patching_as_code,puppetlabs-patching_as_code,,C:\Users\chems/repositories/puppetlabs/puppetlabs-patching_as_code\tasks,0.0,0.0,0.0,0.0,0.0,0.0,1.0,0.0,0.0,0.0,0.0,0.0,0.0,0.0,,,,,,,,,,,,,
https://github.com/puppetlabs/puppetlabs-patching_as_code,puppetlabs-patching_as_code,,C:\Users\chems/repositories/puppetlabs/puppetlabs-patching_as_code\templates,0.0,0.0,0.0,0.0,0.0,0.0,1.0,0.0,0.0,0.0,0.0,0.0,0.0,0.0,,,,,,,,,,,,,
https://github.com/kemra102/puppet-cloudwatchlogs,puppet-cloudwatchlogs,,C:\Users\chems/repositories/kemra102/puppet-cloudwatchlogs\.git,0.0,0.0,0.0,0.0,0.0,0.0,1.0,0.0,0.0,0.0,0.0,0.0,0.0,0.0,,,,,,,,,,,,,
https://github.com/kemra102/puppet-cloudwatchlogs,puppet-cloudwatchlogs,,C:\Users\chems/repositories/kemra102/puppet-cloudwatchlogs\examples,0.0,0.0,0.0,0.0,0.0,0.0,1.0,0.0,0.0,1.0,0.0,0.0,0.0,0.0,,,,,,,,,,,,,
https://github.com/kemra102/puppet-cloudwatchlogs,puppet-cloudwatchlogs,,C:\Users\chems/repositories/kemra102/puppet-cloudwatchlogs\manifests,0.0,0.0,0.0,0.0,0.0,0.0,1.0,0.0,0.0,0.0,0.0,0.0,0.0,0.0,,,,,,,,,,,,,
https://github.com/kemra102/puppet-cloudwatchlogs,puppet-cloudwatchlogs,,C:\Users\chems/repositories/kemra102/puppet-cloudwatchlogs\spec,0.0,0.0,0.0,0.0,0.0,0.0,1.0,0.0,0.0,0.0,0.0,0.0,0.0,0.0,,,,,,,,,,,,,
https://github.com/kemra102/puppet-cloudwatchlogs,puppet-cloudwatchlogs,,C:\Users\chems/repositories/kemra102/puppet-cloudwatchlogs\templates,0.0,0.0,0.0,0.0,0.0,0.0,1.0,0.0,0.0,0.0,0.0,0.0,0.0,0.0,,,,,,,,,,,,,
https://github.com/kemra102/puppet-cloudwatchlogs,puppet-cloudwatchlogs,,C:\Users\chems/repositories/kemra102/puppet-cloudwatchlogs\tests,0.0,0.0,0.0,0.0,0.0,0.0,1.0,0.0,0.0,1.0,0.0,0.0,0.0,0.0,,,,,,,,,,,,,
https://github.com/southalc/podman,podman,,C:\Users\chems/repositories/southalc/podman\.devcontainer,0.0,0.0,0.0,0.0,0.0,0.0,1.0,0.0,0.0,0.0,0.0,0.0,0.0,0.0,,,,,,,,,,,,,
https://github.com/southalc/podman,podman,,C:\Users\chems/repositories/southalc/podman\.git,0.0,0.0,0.0,0.0,0.0,0.0,1.0,0.0,0.0,0.0,0.0,0.0,0.0,0.0,,,,,,,,,,,,,
https://github.com/southalc/podman,podman,,C:\Users\chems/repositories/southalc/podman\.vscode,0.0,0.0,0.0,0.0,0.0,0.0,1.0,0.0,0.0,0.0,0.0,0.0,0.0,0.0,,,,,,,,,,,,,
https://github.com/southalc/podman,podman,,C:\Users\chems/repositories/southalc/podman\data,0.0,0.0,0.0,0.0,0.0,0.0,1.0,0.0,0.0,0.0,0.0,0.0,0.0,0.0,,,,,,,,,,,,,
https://github.com/southalc/podman,podman,,C:\Users\chems/repositories/southalc/podman\lib,0.0,0.0,0.0,0.0,0.0,0.0,1.0,0.0,0.0,0.0,0.0,0.0,0.0,0.0,,,,,,,,,,,,,
https://github.com/southalc/podman,podman,,C:\Users\chems/repositories/southalc/podman\manifests,0.0,0.0,0.0,0.0,0.0,0.0,1.0,0.0,0.0,1.0,0.0,0.0,0.0,0.0,,,,,,,,,,,,,
https://github.com/southalc/podman,podman,,C:\Users\chems/repositories/southalc/podman\spec,0.0,0.0,0.0,0.0,0.0,0.0,1.0,0.0,0.0,0.0,0.0,0.0,0.0,0.0,,,,,,,,,,,,,
https://github.com/mjhas/dovecot,dovecot,,C:\Users\chems/repositories/mjhas/dovecot\.git,0.0,0.0,0.0,0.0,0.0,0.0,1.0,0.0,0.0,0.0,0.0,0.0,0.0,0.0,,,,,,,,,,,,,
https://github.com/mjhas/dovecot,dovecot,,C:\Users\chems/repositories/mjhas/dovecot\files,0.0,0.0,0.0,0.0,0.0,0.0,1.0,0.0,0.0,0.0,0.0,0.0,0.0,0.0,,,,,,,,,,,,,
https://github.com/mjhas/dovecot,dovecot,,C:\Users\chems/repositories/mjhas/dovecot\manifests,0.0,0.0,0.0,0.0,0.0,0.0,1.0,0.0,0.0,1.0,0.0,0.0,0.0,0.0,,,,,,,,,,,,,
https://github.com/mjhas/dovecot,dovecot,,C:\Users\chems/repositories/mjhas/dovecot\spec,0.0,0.0,0.0,0.0,0.0,0.0,1.0,0.0,0.0,0.0,0.0,0.0,0.0,0.0,,,,,,,,,,,,,
https://github.com/mjhas/dovecot,dovecot,,C:\Users\chems/repositories/mjhas/dovecot\templates,0.0,0.0,0.0,0.0,0.0,0.0,1.0,0.0,0.0,0.0,0.0,0.0,0.0,0.0,,,,,,,,,,,,,
https://github.com/mjhas/dovecot,dovecot,,C:\Users\chems/repositories/mjhas/dovecot\tests,0.0,0.0,0.0,0.0,0.0,0.0,1.0,0.0,0.0,10.0,0.0,0.0,0.0,0.0,,,,,,,,,,,,,
https://github.com/actionjack/puppet-mailcatcher,puppet-mailcatcher,,C:\Users\chems/repositories/actionjack/puppet-mailcatcher\.git,0.0,0.0,0.0,0.0,0.0,0.0,1.0,0.0,0.0,0.0,0.0,0.0,0.0,0.0,,,,,,,,,,,,,
https://github.com/actionjack/puppet-mailcatcher,puppet-mailcatcher,,C:\Users\chems/repositories/actionjack/puppet-mailcatcher\manifests,0.0,0.0,0.0,0.0,0.0,0.0,1.0,0.0,0.0,3.0,0.0,1.0,0.0,0.0,,,,,,,,,,,,,
https://github.com/actionjack/puppet-mailcatcher,puppet-mailcatcher,,C:\Users\chems/repositories/actionjack/puppet-mailcatcher\spec,0.0,0.0,0.0,0.0,0.0,0.0,1.0,0.0,0.0,0.0,0.0,0.0,0.0,0.0,,,,,,,,,,,,,
https://github.com/actionjack/puppet-mailcatcher,puppet-mailcatcher,,C:\Users\chems/repositories/actionjack/puppet-mailcatcher\templates,0.0,0.0,0.0,0.0,0.0,0.0,1.0,0.0,0.0,0.0,0.0,0.0,0.0,0.0,,,,,,,,,,,,,
https://github.com/actionjack/puppet-mailcatcher,puppet-mailcatcher,,C:\Users\chems/repositories/actionjack/puppet-mailcatcher\tests,0.0,0.0,0.0,0.0,0.0,0.0,1.0,0.0,0.0,1.0,0.0,0.0,0.0,0.0,,,,,,,,,,,,,
https://github.com/dstockman/puppet-stackdriver-agent,puppet-stackdriver-agent,,C:\Users\chems/repositories/dstockman/puppet-stackdriver-agent\.git,0.0,0.0,0.0,0.0,0.0,0.0,1.0,0.0,0.0,0.0,0.0,0.0,0.0,0.0,,,,,,,,,,,,,
https://github.com/dstockman/puppet-stackdriver-agent,puppet-stackdriver-agent,,C:\Users\chems/repositories/dstockman/puppet-stackdriver-agent\files,0.0,0.0,0.0,0.0,0.0,0.0,1.0,0.0,0.0,0.0,0.0,0.0,0.0,0.0,,,,,,,,,,,,,
https://github.com/dstockman/puppet-stackdriver-agent,puppet-stackdriver-agent,,C:\Users\chems/repositories/dstockman/puppet-stackdriver-agent\manifests,0.0,0.0,0.0,0.0,0.0,0.0,1.0,0.0,0.0,6.0,0.0,0.0,0.0,0.0,,,,,,,,,,,,,
https://github.com/dstockman/puppet-stackdriver-agent,puppet-stackdriver-agent,,C:\Users\chems/repositories/dstockman/puppet-stackdriver-agent\templates,0.0,0.0,0.0,0.0,0.0,0.0,1.0,0.0,0.0,0.0,0.0,0.0,0.0,0.0,,,,,,,,,,,,,
https://github.com/natewalck/puppet-munki_appliance,puppet-munki_appliance,,C:\Users\chems/repositories/natewalck/puppet-munki_appliance\.git,0.0,0.0,0.0,0.0,0.0,0.0,1.0,0.0,0.0,0.0,0.0,0.0,0.0,0.0,,,,,,,,,,,,,
https://github.com/natewalck/puppet-munki_appliance,puppet-munki_appliance,,C:\Users\chems/repositories/natewalck/puppet-munki_appliance\files,0.0,0.0,0.0,0.0,0.0,0.0,1.0,0.0,0.0,0.0,0.0,0.0,0.0,0.0,,,,,,,,,,,,,
https://github.com/natewalck/puppet-munki_appliance,puppet-munki_appliance,,C:\Users\chems/repositories/natewalck/puppet-munki_appliance\manifests,0.0,0.0,0.0,0.0,0.0,0.0,1.0,0.0,0.0,5.0,0.0,0.0,0.0,0.0,,,,,,,,,,,,,
https://github.com/natewalck/puppet-munki_appliance,puppet-munki_appliance,,C:\Users\chems/repositories/natewalck/puppet-munki_appliance\templates,0.0,0.0,0.0,0.0,0.0,0.0,1.0,0.0,0.0,0.0,0.0,0.0,0.0,0.0,,,,,,,,,,,,,
https://github.com/nvogel/puppet-ansible,puppet-ansible,,C:\Users\chems/repositories/nvogel/puppet-ansible\.git,0.0,0.0,0.0,0.0,0.0,0.0,1.0,0.0,0.0,0.0,0.0,0.0,0.0,0.0,,,,,,,,,,,,,
https://github.com/nvogel/puppet-ansible,puppet-ansible,,C:\Users\chems/repositories/nvogel/puppet-ansible\lib,0.0,0.0,0.0,0.0,0.0,0.0,1.0,0.0,0.0,0.0,0.0,0.0,0.0,0.0,,,,,,,,,,,,,
https://github.com/nvogel/puppet-ansible,puppet-ansible,,C:\Users\chems/repositories/nvogel/puppet-ansible\manifests,0.0,0.0,0.0,0.0,0.0,0.0,1.0,0.0,0.0,0.0,0.0,1.0,1.0,0.0,,,,,,,,,,,,,
https://github.com/nvogel/puppet-ansible,puppet-ansible,,C:\Users\chems/repositories/nvogel/puppet-ansible\spec,0.0,0.0,0.0,0.0,0.0,0.0,1.0,0.0,0.0,0.0,0.0,0.0,0.0,0.0,,,,,,,,,,,,,
https://github.com/newrelic/newrelic_plugins_puppet,newrelic_plugins_puppet,,C:\Users\chems/repositories/newrelic/newrelic_plugins_puppet\.git,0.0,0.0,0.0,0.0,0.0,0.0,1.0,0.0,0.0,0.0,0.0,0.0,0.0,0.0,,,,,,,,,,,,,
https://github.com/newrelic/newrelic_plugins_puppet,newrelic_plugins_puppet,,C:\Users\chems/repositories/newrelic/newrelic_plugins_puppet\lib,0.0,0.0,0.0,0.0,0.0,0.0,1.0,0.0,0.0,0.0,0.0,0.0,0.0,0.0,,,,,,,,,,,,,
https://github.com/newrelic/newrelic_plugins_puppet,newrelic_plugins_puppet,,C:\Users\chems/repositories/newrelic/newrelic_plugins_puppet\manifests,0.0,0.0,0.0,0.0,0.0,0.0,1.0,0.0,0.0,1.0,0.0,0.0,0.0,0.0,,,,,,,,,,,,,
https://github.com/newrelic/newrelic_plugins_puppet,newrelic_plugins_puppet,,C:\Users\chems/repositories/newrelic/newrelic_plugins_puppet\spec,0.0,0.0,0.0,0.0,0.0,0.0,1.0,0.0,0.0,0.0,0.0,0.0,0.0,0.0,,,,,,,,,,,,,
https://github.com/newrelic/newrelic_plugins_puppet,newrelic_plugins_puppet,,C:\Users\chems/repositories/newrelic/newrelic_plugins_puppet\templates,0.0,0.0,0.0,0.0,0.0,0.0,1.0,0.0,0.0,0.0,0.0,0.0,0.0,0.0,,,,,,,,,,,,,
https://github.com/trulabs/puppet-asterisk,puppet-asterisk,,C:\Users\chems/repositories/trulabs/puppet-asterisk\.git,0.0,0.0,0.0,0.0,0.0,0.0,1.0,0.0,0.0,0.0,0.0,0.0,0.0,0.0,,,,,,,,,,,,,
https://github.com/trulabs/puppet-asterisk,puppet-asterisk,,C:\Users\chems/repositories/trulabs/puppet-asterisk\manifests,0.0,0.0,0.0,0.0,0.0,0.0,1.0,0.0,0.0,0.0,0.0,0.0,0.0,0.0,,,,,,,,,,,,,
https://github.com/trulabs/puppet-asterisk,puppet-asterisk,,C:\Users\chems/repositories/trulabs/puppet-asterisk\templates,0.0,0.0,0.0,0.0,0.0,0.0,1.0,0.0,0.0,0.0,0.0,0.0,0.0,0.0,,,,,,,,,,,,,
https://github.com/trulabs/puppet-asterisk,puppet-asterisk,,C:\Users\chems/repositories/trulabs/puppet-asterisk\tests,0.0,0.0,0.0,0.0,0.0,0.0,1.0,0.0,0.0,1.0,0.0,0.0,2.0,0.0,,,,,,,,,,,,,
https://github.com/Mylezeem/puppet-authconfig,puppet-authconfig,,C:\Users\chems/repositories/Mylezeem/puppet-authconfig\.git,0.0,0.0,0.0,0.0,0.0,0.0,1.0,0.0,0.0,0.0,0.0,0.0,0.0,0.0,,,,,,,,,,,,,
https://github.com/Mylezeem/puppet-authconfig,puppet-authconfig,,C:\Users\chems/repositories/Mylezeem/puppet-authconfig\manifests,0.0,0.0,0.0,0.0,0.0,0.0,1.0,0.0,0.0,0.0,0.0,0.0,0.0,0.0,,,,,,,,,,,,,
https://github.com/Mylezeem/puppet-authconfig,puppet-authconfig,,C:\Users\chems/repositories/Mylezeem/puppet-authconfig\spec,0.0,0.0,0.0,0.0,0.0,0.0,1.0,0.0,0.0,0.0,0.0,0.0,0.0,0.0,,,,,,,,,,,,,
https://github.com/Mylezeem/puppet-authconfig,puppet-authconfig,,C:\Users\chems/repositories/Mylezeem/puppet-authconfig\tests,0.0,0.0,0.0,0.0,0.0,0.0,1.0,0.0,0.0,1.0,0.0,0.0,0.0,0.0,,,,,,,,,,,,,
https://github.com/psadmin-io/psadminio-io_portalwar,psadminio-io_portalwar,,C:\Users\chems/repositories/psadmin-io/psadminio-io_portalwar\.git,0.0,0.0,0.0,0.0,0.0,0.0,1.0,0.0,0.0,0.0,0.0,0.0,0.0,0.0,,,,,,,,,,,,,
https://github.com/psadmin-io/psadminio-io_portalwar,psadminio-io_portalwar,,C:\Users\chems/repositories/psadmin-io/psadminio-io_portalwar\.vscode,0.0,0.0,0.0,0.0,0.0,0.0,1.0,0.0,0.0,0.0,0.0,0.0,0.0,0.0,,,,,,,,,,,,,
https://github.com/psadmin-io/psadminio-io_portalwar,psadminio-io_portalwar,,C:\Users\chems/repositories/psadmin-io/psadminio-io_portalwar\manifests,0.0,0.0,0.0,0.0,0.0,0.0,1.0,0.0,0.0,1.0,0.0,0.0,0.0,0.0,,,,,,,,,,,,,
https://github.com/psadmin-io/psadminio-io_portalwar,psadminio-io_portalwar,,C:\Users\chems/repositories/psadmin-io/psadminio-io_portalwar\spec,0.0,0.0,0.0,0.0,0.0,0.0,1.0,0.0,0.0,0.0,0.0,0.0,0.0,0.0,,,,,,,,,,,,,
https://github.com/psadmin-io/psadminio-io_portalwar,psadminio-io_portalwar,,C:\Users\chems/repositories/psadmin-io/psadminio-io_portalwar\templates,0.0,0.0,0.0,0.0,0.0,0.0,1.0,0.0,0.0,0.0,0.0,0.0,0.0,0.0,,,,,,,,,,,,,
https://github.com/rismoney/puppet-baremetal-windows,puppet-baremetal-windows,,C:\Users\chems/repositories/rismoney/puppet-baremetal-windows\.git,0.0,0.0,0.0,0.0,0.0,0.0,1.0,0.0,0.0,0.0,0.0,0.0,0.0,0.0,,,,,,,,,,,,,
https://github.com/rismoney/puppet-baremetal-windows,puppet-baremetal-windows,,C:\Users\chems/repositories/rismoney/puppet-baremetal-windows\make_pe,0.0,0.0,0.0,0.0,0.0,0.0,1.0,0.0,0.0,0.0,0.0,0.0,0.0,0.0,,,,,,,,,,,,,
https://github.com/rismoney/puppet-baremetal-windows,puppet-baremetal-windows,,C:\Users\chems/repositories/rismoney/puppet-baremetal-windows\puppet,0.0,0.0,0.0,0.0,0.0,0.0,4.0,0.0,0.0,1.0,0.0,1.0,0.0,1.0,,,,,,,,,,,,,
https://github.com/pennycoders/puppet-phalconphp,puppet-phalconphp,,C:\Users\chems/repositories/pennycoders/puppet-phalconphp\.git,0.0,0.0,0.0,0.0,0.0,0.0,1.0,0.0,0.0,0.0,0.0,0.0,0.0,0.0,,,,,,,,,,,,,
https://github.com/pennycoders/puppet-phalconphp,puppet-phalconphp,,C:\Users\chems/repositories/pennycoders/puppet-phalconphp\.settings,0.0,0.0,0.0,0.0,0.0,0.0,1.0,0.0,0.0,0.0,0.0,0.0,0.0,0.0,,,,,,,,,,,,,
https://github.com/pennycoders/puppet-phalconphp,puppet-phalconphp,,C:\Users\chems/repositories/pennycoders/puppet-phalconphp\manifests,0.0,0.0,0.0,0.0,0.0,0.0,1.0,0.0,0.0,0.0,0.0,1.0,0.0,0.0,,,,,,,,,,,,,
https://github.com/pennycoders/puppet-phalconphp,puppet-phalconphp,,C:\Users\chems/repositories/pennycoders/puppet-phalconphp\spec,0.0,0.0,0.0,0.0,0.0,0.0,1.0,0.0,0.0,0.0,0.0,0.0,0.0,0.0,,,,,,,,,,,,,
https://github.com/pennycoders/puppet-phalconphp,puppet-phalconphp,,C:\Users\chems/repositories/pennycoders/puppet-phalconphp\tests,0.0,0.0,0.0,0.0,0.0,0.0,1.0,0.0,0.0,1.0,0.0,0.0,0.0,0.0,,,,,,,,,,,,,
https://github.com/Proteon/puppet-liferay,puppet-liferay,,C:\Users\chems/repositories/Proteon/puppet-liferay\.git,0.0,0.0,0.0,0.0,0.0,0.0,1.0,0.0,0.0,0.0,0.0,0.0,0.0,0.0,,,,,,,,,,,,,
https://github.com/Proteon/puppet-liferay,puppet-liferay,,C:\Users\chems/repositories/Proteon/puppet-liferay\manifests,0.0,0.0,0.0,0.0,0.0,0.0,1.0,0.0,0.0,4.0,0.0,0.0,0.0,0.0,,,,,,,,,,,,,
https://github.com/Proteon/puppet-liferay,puppet-liferay,,C:\Users\chems/repositories/Proteon/puppet-liferay\spec,0.0,0.0,0.0,0.0,0.0,0.0,1.0,0.0,0.0,0.0,0.0,0.0,0.0,0.0,,,,,,,,,,,,,
https://github.com/Proteon/puppet-liferay,puppet-liferay,,C:\Users\chems/repositories/Proteon/puppet-liferay\templates,0.0,0.0,0.0,0.0,0.0,0.0,1.0,0.0,0.0,0.0,0.0,0.0,0.0,0.0,,,,,,,,,,,,,
https://github.com/Proteon/puppet-liferay,puppet-liferay,,C:\Users\chems/repositories/Proteon/puppet-liferay\tests,0.0,0.0,0.0,0.0,0.0,0.0,1.0,0.0,0.0,0.0,0.0,0.0,0.0,0.0,,,,,,,,,,,,,
https://github.com/cristifalcas/puppet-kubernetes,puppet-kubernetes,,C:\Users\chems/repositories/cristifalcas/puppet-kubernetes\.git,0.0,0.0,0.0,0.0,0.0,0.0,1.0,0.0,0.0,0.0,0.0,0.0,0.0,0.0,,,,,,,,,,,,,
https://github.com/cristifalcas/puppet-kubernetes,puppet-kubernetes,,C:\Users\chems/repositories/cristifalcas/puppet-kubernetes\manifests,0.0,0.0,0.0,0.0,0.0,0.0,1.0,0.0,0.0,0.0,0.0,1.0,3.0,0.0,,,,,,,,,,,,,
https://github.com/cristifalcas/puppet-kubernetes,puppet-kubernetes,,C:\Users\chems/repositories/cristifalcas/puppet-kubernetes\spec,0.0,0.0,0.0,0.0,0.0,0.0,1.0,0.0,0.0,0.0,0.0,0.0,0.0,0.0,,,,,,,,,,,,,
https://github.com/cristifalcas/puppet-kubernetes,puppet-kubernetes,,C:\Users\chems/repositories/cristifalcas/puppet-kubernetes\templates,0.0,0.0,0.0,0.0,0.0,0.0,1.0,0.0,0.0,0.0,0.0,0.0,0.0,0.0,,,,,,,,,,,,,
https://github.com/cristifalcas/puppet-kubernetes,puppet-kubernetes,,C:\Users\chems/repositories/cristifalcas/puppet-kubernetes\tests,0.0,0.0,0.0,0.0,0.0,0.0,1.0,0.0,0.0,1.0,0.0,0.0,0.0,0.0,,,,,,,,,,,,,
https://github.com/spindlelabs/otto,otto,,C:\Users\chems/repositories/spindlelabs/otto\.git,0.0,0.0,0.0,0.0,0.0,0.0,1.0,0.0,0.0,0.0,0.0,0.0,0.0,0.0,,,,,,,,,,,,,
https://github.com/spindlelabs/otto,otto,,C:\Users\chems/repositories/spindlelabs/otto\docs,0.0,0.0,0.0,0.0,0.0,0.0,1.0,0.0,0.0,0.0,0.0,0.0,0.0,0.0,,,,,,,,,,,,,
https://github.com/spindlelabs/otto,otto,,C:\Users\chems/repositories/spindlelabs/otto\examples,0.0,0.0,0.0,0.0,0.0,0.0,1.0,0.0,0.0,0.0,0.0,0.0,0.0,0.0,,,,,,,,,,,,,
https://github.com/spindlelabs/otto,otto,,C:\Users\chems/repositories/spindlelabs/otto\modules,0.0,0.0,0.0,0.0,0.0,0.0,1.0,0.0,0.0,0.0,0.0,0.0,0.0,0.0,,,,,,,,,,,,,
https://github.com/ahaitoute/puppet-vyatta,puppet-vyatta,,C:\Users\chems/repositories/ahaitoute/puppet-vyatta\.git,0.0,0.0,0.0,0.0,0.0,0.0,1.0,0.0,0.0,0.0,0.0,0.0,0.0,0.0,,,,,,,,,,,,,
https://github.com/ahaitoute/puppet-vyatta,puppet-vyatta,,C:\Users\chems/repositories/ahaitoute/puppet-vyatta\files,0.0,0.0,0.0,0.0,0.0,0.0,1.0,0.0,0.0,0.0,0.0,0.0,0.0,0.0,,,,,,,,,,,,,
https://github.com/ahaitoute/puppet-vyatta,puppet-vyatta,,C:\Users\chems/repositories/ahaitoute/puppet-vyatta\manifests,0.0,0.0,0.0,0.0,0.0,0.0,1.0,0.0,0.0,0.0,0.0,0.0,0.0,0.0,,,,,,,,,,,,,
https://github.com/ahaitoute/puppet-vyatta,puppet-vyatta,,C:\Users\chems/repositories/ahaitoute/puppet-vyatta\templates,0.0,0.0,0.0,0.0,0.0,0.0,1.0,0.0,0.0,0.0,0.0,0.0,0.0,0.0,,,,,,,,,,,,,
,,,,,,,,,,,,,,,,,,,,,,,,,,,,,,
,,,,,,,,,,,,,,,,,,,,,,,,,,,,,,
,,,,,1126.0,0.0,0.0,0.0,1594.0,492.0,1113.0,0.0,299.0,0.0,33.0,31.0,261.0,,,,,,,,,,,,,
