URL,RepoName,File,Module,LOC,MissingDefault,InconsistentNaming,ComplexExpression,DuplicateEntity,MisplacedAttribute,ImproperAlignment,InvalidProperty,IncompleteTasks,DeprecatedStatement,ImproperQuoteUsage,LongStatement,IncompleteConditional,UnguardedVariable
https://github.com/2ndquadrant-it/puppet-barman,puppet-barman,C:\Users\chems\Puppeteer/repositories/2ndquadrant-it/puppet-barman\manifests\autoconfigure.pp,C:\Users\chems\Puppeteer/repositories/2ndquadrant-it/puppet-barman\manifests,120,0,0,1,0,0,0,0,0,3,0,0,0,0
https://github.com/2ndquadrant-it/puppet-barman,puppet-barman,C:\Users\chems\Puppeteer/repositories/2ndquadrant-it/puppet-barman\manifests\postgres.pp,C:\Users\chems\Puppeteer/repositories/2ndquadrant-it/puppet-barman\manifests,378,0,0,2,0,0,0,0,0,4,0,0,0,0
https://github.com/Chassis/puppet-wp,puppet-wp,C:\Users\chems\Puppeteer/repositories/Chassis/puppet-wp\manifests\cli.pp,C:\Users\chems\Puppeteer/repositories/Chassis/puppet-wp\manifests,63,0,0,0,0,0,0,0,0,2,0,0,1,0
https://github.com/Chassis/puppet-wp,puppet-wp,C:\Users\chems\Puppeteer/repositories/Chassis/puppet-wp\manifests\core.pp,C:\Users\chems\Puppeteer/repositories/Chassis/puppet-wp\manifests,40,0,0,0,0,0,0,0,0,2,0,0,2,0
https://github.com/Chassis/puppet-wp,puppet-wp,C:\Users\chems\Puppeteer/repositories/Chassis/puppet-wp\manifests\user.pp,C:\Users\chems\Puppeteer/repositories/Chassis/puppet-wp\manifests,112,0,0,0,0,0,0,0,0,3,0,0,0,0
https://github.com/Icinga/puppet-icinga2-legacy,puppet-icinga2-legacy,C:\Users\chems\Puppeteer/repositories/Icinga/puppet-icinga2-legacy\manifests\checkplugin.pp,C:\Users\chems\Puppeteer/repositories/Icinga/puppet-icinga2-legacy\manifests,49,0,0,0,0,0,0,0,4,0,0,0,1,0
https://github.com/Icinga/puppet-icinga2-legacy,puppet-icinga2-legacy,C:\Users\chems\Puppeteer/repositories/Icinga/puppet-icinga2-legacy\manifests\config.pp,C:\Users\chems\Puppeteer/repositories/Icinga/puppet-icinga2-legacy\manifests,83,0,0,0,0,0,0,0,1,0,0,0,0,0
https://github.com/Icinga/puppet-icinga2-legacy,puppet-icinga2-legacy,C:\Users\chems\Puppeteer/repositories/Icinga/puppet-icinga2-legacy\manifests\database.pp,C:\Users\chems\Puppeteer/repositories/Icinga/puppet-icinga2-legacy\manifests,132,0,0,0,0,0,0,0,9,0,0,0,2,0
https://github.com/Icinga/puppet-icinga2-legacy,puppet-icinga2-legacy,C:\Users\chems\Puppeteer/repositories/Icinga/puppet-icinga2-legacy\manifests\feature.pp,C:\Users\chems\Puppeteer/repositories/Icinga/puppet-icinga2-legacy\manifests,43,0,0,0,0,0,0,0,4,0,0,0,3,0
https://github.com/Icinga/puppet-icinga2-legacy,puppet-icinga2-legacy,C:\Users\chems\Puppeteer/repositories/Icinga/puppet-icinga2-legacy\manifests\init.pp,C:\Users\chems\Puppeteer/repositories/Icinga/puppet-icinga2-legacy\manifests,60,0,0,0,0,0,0,0,4,0,0,0,0,0
https://github.com/Icinga/puppet-icinga2-legacy,puppet-icinga2-legacy,C:\Users\chems\Puppeteer/repositories/Icinga/puppet-icinga2-legacy\manifests\object\checkcommand.pp,C:\Users\chems\Puppeteer/repositories/Icinga/puppet-icinga2-legacy\manifests,200,0,0,0,0,0,0,0,8,0,0,0,9,0
https://github.com/Icinga/puppet-icinga2-legacy,puppet-icinga2-legacy,C:\Users\chems\Puppeteer/repositories/Icinga/puppet-icinga2-legacy\manifests\repo\apt.pp,C:\Users\chems\Puppeteer/repositories/Icinga/puppet-icinga2-legacy\manifests,34,0,0,0,0,0,0,0,4,0,0,0,6,0
https://github.com/MetaCenterCloudPuppet/cesnet-hadoop,cesnet-hadoop,C:\Users\chems\Puppeteer/repositories/MetaCenterCloudPuppet/cesnet-hadoop\manifests\common\slaves.pp,C:\Users\chems\Puppeteer/repositories/MetaCenterCloudPuppet/cesnet-hadoop\manifests,21,0,0,13,0,0,0,0,0,0,0,0,0,0
https://github.com/MetaCenterCloudPuppet/cesnet-hadoop,cesnet-hadoop,C:\Users\chems\Puppeteer/repositories/MetaCenterCloudPuppet/cesnet-hadoop\manifests\create_dirs.pp,C:\Users\chems\Puppeteer/repositories/MetaCenterCloudPuppet/cesnet-hadoop\manifests,57,0,0,1,0,0,0,0,0,0,0,0,0,0
https://github.com/MetaCenterCloudPuppet/cesnet-hadoop,cesnet-hadoop,C:\Users\chems\Puppeteer/repositories/MetaCenterCloudPuppet/cesnet-hadoop\manifests\httpfs\install.pp,C:\Users\chems\Puppeteer/repositories/MetaCenterCloudPuppet/cesnet-hadoop\manifests,20,0,0,14,0,0,0,0,0,0,0,0,0,0
https://github.com/MetaCenterCloudPuppet/cesnet-hadoop,cesnet-hadoop,C:\Users\chems\Puppeteer/repositories/MetaCenterCloudPuppet/cesnet-hadoop\manifests\init.pp,C:\Users\chems\Puppeteer/repositories/MetaCenterCloudPuppet/cesnet-hadoop\manifests,5400,0,0,57,0,0,0,0,0,0,0,0,3,0
https://github.com/MetaCenterCloudPuppet/cesnet-hadoop,cesnet-hadoop,C:\Users\chems\Puppeteer/repositories/MetaCenterCloudPuppet/cesnet-hadoop\manifests\journalnode.pp,C:\Users\chems\Puppeteer/repositories/MetaCenterCloudPuppet/cesnet-hadoop\manifests,12,0,0,8,0,0,0,0,0,0,0,0,0,0
https://github.com/MetaCenterCloudPuppet/cesnet-hadoop,cesnet-hadoop,C:\Users\chems\Puppeteer/repositories/MetaCenterCloudPuppet/cesnet-hadoop\manifests\kdestroy.pp,C:\Users\chems\Puppeteer/repositories/MetaCenterCloudPuppet/cesnet-hadoop\manifests,27,0,0,9,0,0,0,0,0,0,0,0,0,0
https://github.com/MetaCenterCloudPuppet/cesnet-hadoop,cesnet-hadoop,C:\Users\chems\Puppeteer/repositories/MetaCenterCloudPuppet/cesnet-hadoop\manifests\kinit.pp,C:\Users\chems\Puppeteer/repositories/MetaCenterCloudPuppet/cesnet-hadoop\manifests,28,0,0,10,0,0,0,0,0,0,0,0,0,0
https://github.com/MetaCenterCloudPuppet/cesnet-hadoop,cesnet-hadoop,C:\Users\chems\Puppeteer/repositories/MetaCenterCloudPuppet/cesnet-hadoop\manifests\mkdir.pp,C:\Users\chems\Puppeteer/repositories/MetaCenterCloudPuppet/cesnet-hadoop\manifests,52,0,0,11,0,0,0,0,0,0,0,0,0,0
https://github.com/MetaCenterCloudPuppet/cesnet-hadoop,cesnet-hadoop,C:\Users\chems\Puppeteer/repositories/MetaCenterCloudPuppet/cesnet-hadoop\manifests\nfs\user.pp,C:\Users\chems\Puppeteer/repositories/MetaCenterCloudPuppet/cesnet-hadoop\manifests,19,0,0,15,0,0,0,0,0,0,0,0,0,0
https://github.com/MetaCenterCloudPuppet/cesnet-hadoop,cesnet-hadoop,C:\Users\chems\Puppeteer/repositories/MetaCenterCloudPuppet/cesnet-hadoop\manifests\user.pp,C:\Users\chems\Puppeteer/repositories/MetaCenterCloudPuppet/cesnet-hadoop\manifests,42,0,0,12,0,0,0,0,0,0,0,0,0,0
https://github.com/Mylezeem/puppet-authconfig,puppet-authconfig,C:\Users\chems\Puppeteer/repositories/Mylezeem/puppet-authconfig\manifests\init.pp,C:\Users\chems\Puppeteer/repositories/Mylezeem/puppet-authconfig\manifests,726,0,0,0,0,0,0,0,0,0,0,0,3,0
https://github.com/NTTCom-MS/eyp-systemd,eyp-systemd,C:\Users\chems\Puppeteer/repositories/NTTCom-MS/eyp-systemd\manifests\init.pp,C:\Users\chems\Puppeteer/repositories/NTTCom-MS/eyp-systemd\manifests,15,0,0,0,0,0,0,0,1,0,0,0,0,0
https://github.com/NTTCom-MS/eyp-systemd,eyp-systemd,C:\Users\chems\Puppeteer/repositories/NTTCom-MS/eyp-systemd\manifests\journald\config.pp,C:\Users\chems\Puppeteer/repositories/NTTCom-MS/eyp-systemd\manifests,27,0,0,0,0,0,0,0,4,0,0,0,0,0
https://github.com/NTTCom-MS/eyp-systemd,eyp-systemd,C:\Users\chems\Puppeteer/repositories/NTTCom-MS/eyp-systemd\manifests\service.pp,C:\Users\chems\Puppeteer/repositories/NTTCom-MS/eyp-systemd\manifests,130,0,0,0,0,0,0,0,2,0,0,0,0,0
https://github.com/NTTCom-MS/eyp-systemd,eyp-systemd,C:\Users\chems\Puppeteer/repositories/NTTCom-MS/eyp-systemd\manifests\service\dropin.pp,C:\Users\chems\Puppeteer/repositories/NTTCom-MS/eyp-systemd\manifests,133,0,0,0,0,0,0,0,5,0,0,0,0,0
https://github.com/NTTCom-MS/eyp-systemd,eyp-systemd,C:\Users\chems\Puppeteer/repositories/NTTCom-MS/eyp-systemd\manifests\tmpfile.pp,C:\Users\chems\Puppeteer/repositories/NTTCom-MS/eyp-systemd\manifests,33,0,0,0,0,0,0,0,3,0,0,0,0,0
https://github.com/Proteon/puppet-liferay,puppet-liferay,C:\Users\chems\Puppeteer/repositories/Proteon/puppet-liferay\manifests\instance\dependencies.pp,C:\Users\chems\Puppeteer/repositories/Proteon/puppet-liferay\manifests,83,0,0,0,0,0,0,0,1,0,0,0,0,0
https://github.com/Proteon/puppet-liferay,puppet-liferay,C:\Users\chems\Puppeteer/repositories/Proteon/puppet-liferay\manifests\property.pp,C:\Users\chems\Puppeteer/repositories/Proteon/puppet-liferay\manifests,37,0,0,1,0,0,0,0,1,0,0,0,0,0
https://github.com/actionjack/puppet-mailcatcher,puppet-mailcatcher,C:\Users\chems\Puppeteer/repositories/actionjack/puppet-mailcatcher\manifests\init.pp,C:\Users\chems\Puppeteer/repositories/actionjack/puppet-mailcatcher\manifests,13,0,0,0,0,0,0,0,1,0,0,0,0,0
https://github.com/airbnb/puppet-munki,puppet-munki,C:\Users\chems\Puppeteer/repositories/airbnb/puppet-munki\manifests\config.pp,C:\Users\chems\Puppeteer/repositories/airbnb/puppet-munki\manifests,110,0,0,1,0,0,0,0,0,0,0,0,0,0
https://github.com/airbnb/puppet-munki,puppet-munki,C:\Users\chems\Puppeteer/repositories/airbnb/puppet-munki\manifests\install_aio.pp,C:\Users\chems\Puppeteer/repositories/airbnb/puppet-munki\manifests,57,0,0,1,0,0,0,0,0,0,0,0,1,0
https://github.com/airbnb/puppet-munki,puppet-munki,C:\Users\chems\Puppeteer/repositories/airbnb/puppet-munki\manifests\service.pp,C:\Users\chems\Puppeteer/repositories/airbnb/puppet-munki\manifests,88,0,0,1,0,0,0,0,0,0,0,0,2,0
https://github.com/antoineco/aco-oracle_java,aco-oracle_java,C:\Users\chems\Puppeteer/repositories/antoineco/aco-oracle_java\manifests\init.pp,C:\Users\chems\Puppeteer/repositories/antoineco/aco-oracle_java\manifests,300,0,0,0,0,0,0,0,0,0,0,0,3,0
https://github.com/antoineco/aco-oracle_java,aco-oracle_java,C:\Users\chems\Puppeteer/repositories/antoineco/aco-oracle_java\manifests\installation.pp,C:\Users\chems\Puppeteer/repositories/antoineco/aco-oracle_java\manifests,950,0,0,0,0,0,0,0,0,0,0,0,3,0
https://github.com/arildjensen/cis-puppet,cis-puppet,C:\Users\chems\Puppeteer/repositories/arildjensen/cis-puppet\manifests\linuxcontrols\c0006.pp,C:\Users\chems\Puppeteer/repositories/arildjensen/cis-puppet\manifests,14,0,0,0,0,0,0,0,1,0,0,0,0,0
https://github.com/arildjensen/cis-puppet,cis-puppet,C:\Users\chems\Puppeteer/repositories/arildjensen/cis-puppet\manifests\linuxcontrols\c0054.pp,C:\Users\chems\Puppeteer/repositories/arildjensen/cis-puppet\manifests,2,0,0,0,0,0,0,0,2,0,0,0,0,0
https://github.com/biemond/biemond-oradb,biemond-oradb,C:\Users\chems\Puppeteer/repositories/biemond/biemond-oradb\manifests\database.pp,C:\Users\chems\Puppeteer/repositories/biemond/biemond-oradb\manifests,880,0,0,16,0,0,0,0,0,4,0,0,6,0
https://github.com/biemond/biemond-oradb,biemond-oradb,C:\Users\chems\Puppeteer/repositories/biemond/biemond-oradb\manifests\goldengate.pp,C:\Users\chems\Puppeteer/repositories/biemond/biemond-oradb\manifests,151,0,0,2,0,0,0,0,0,1,0,0,0,0
https://github.com/biemond/biemond-oradb,biemond-oradb,C:\Users\chems\Puppeteer/repositories/biemond/biemond-oradb\manifests\installasm.pp,C:\Users\chems\Puppeteer/repositories/biemond/biemond-oradb\manifests,866,0,0,7,0,0,0,0,0,2,0,0,0,0
https://github.com/biemond/biemond-oradb,biemond-oradb,C:\Users\chems\Puppeteer/repositories/biemond/biemond-oradb\manifests\installem.pp,C:\Users\chems\Puppeteer/repositories/biemond/biemond-oradb\manifests,712,0,0,10,0,0,0,0,0,2,0,0,9,0
https://github.com/biemond/biemond-oradb,biemond-oradb,C:\Users\chems\Puppeteer/repositories/biemond/biemond-oradb\manifests\installem_agent.pp,C:\Users\chems\Puppeteer/repositories/biemond/biemond-oradb\manifests,194,0,0,5,0,0,0,0,0,1,0,0,6,0
https://github.com/biemond/biemond-oradb,biemond-oradb,C:\Users\chems\Puppeteer/repositories/biemond/biemond-oradb\manifests\opatchupgrade.pp,C:\Users\chems\Puppeteer/repositories/biemond/biemond-oradb\manifests,109,0,0,5,0,0,0,0,0,1,0,0,0,0
https://github.com/biemond/biemond-oradb,biemond-oradb,C:\Users\chems\Puppeteer/repositories/biemond/biemond-oradb\manifests\prepareautostart.pp,C:\Users\chems\Puppeteer/repositories/biemond/biemond-oradb\manifests,61,0,0,0,0,0,0,0,0,1,0,0,0,0
https://github.com/biemond/biemond-oradb,biemond-oradb,C:\Users\chems\Puppeteer/repositories/biemond/biemond-oradb\manifests\rcu.pp,C:\Users\chems\Puppeteer/repositories/biemond/biemond-oradb\manifests,274,0,0,10,0,0,0,0,0,2,0,0,15,0
https://github.com/bzed/bzed-letsencrypt,bzed-letsencrypt,C:\Users\chems\Puppeteer/repositories/bzed/bzed-letsencrypt\manifests\params.pp,C:\Users\chems\Puppeteer/repositories/bzed/bzed-letsencrypt\manifests,49,0,0,1,0,0,0,0,1,0,0,0,1,0
https://github.com/bzed/bzed-letsencrypt,bzed-letsencrypt,C:\Users\chems\Puppeteer/repositories/bzed/bzed-letsencrypt\manifests\request.pp,C:\Users\chems\Puppeteer/repositories/bzed/bzed-letsencrypt\manifests,127,0,0,0,0,0,0,0,1,0,0,0,0,0
https://github.com/bzed/bzed-letsencrypt,bzed-letsencrypt,C:\Users\chems\Puppeteer/repositories/bzed/bzed-letsencrypt\manifests\request\handler.pp,C:\Users\chems\Puppeteer/repositories/bzed/bzed-letsencrypt\manifests,127,0,0,1,0,0,0,0,1,0,0,0,0,0
https://github.com/choria-io/puppet-mcollective,puppet-mcollective,C:\Users\chems\Puppeteer/repositories/choria-io/puppet-mcollective\manifests\module_plugin.pp,C:\Users\chems\Puppeteer/repositories/choria-io/puppet-mcollective\manifests,148,0,0,0,0,0,0,0,0,0,0,0,1,0
https://github.com/cloudwicklabs/ankus-modules,ankus-modules,C:\Users\chems\Puppeteer/repositories/cloudwicklabs/ankus-modules\cm\manifests\api\install_agent.pp,C:\Users\chems\Puppeteer/repositories/cloudwicklabs/ankus-modules\cm,33,0,0,0,0,0,0,0,1,0,0,0,0,0
https://github.com/cloudwicklabs/ankus-modules,ankus-modules,C:\Users\chems\Puppeteer/repositories/cloudwicklabs/ankus-modules\cm\manifests\init.pp,C:\Users\chems\Puppeteer/repositories/cloudwicklabs/ankus-modules\cm,17,0,0,0,0,0,0,0,1,0,0,0,1,0
https://github.com/cloudwicklabs/ankus-modules,ankus-modules,C:\Users\chems\Puppeteer/repositories/cloudwicklabs/ankus-modules\hadoop\manifests\hcatalog.pp,C:\Users\chems\Puppeteer/repositories/cloudwicklabs/ankus-modules\hadoop,56,0,0,0,0,0,0,0,5,0,0,0,1,0
https://github.com/cloudwicklabs/ankus-modules,ankus-modules,C:\Users\chems\Puppeteer/repositories/cloudwicklabs/ankus-modules\hadoop\manifests\hive.pp,C:\Users\chems\Puppeteer/repositories/cloudwicklabs/ankus-modules\hadoop,35,0,0,0,0,0,0,0,2,0,0,0,0,0
https://github.com/cloudwicklabs/ankus-modules,ankus-modules,C:\Users\chems\Puppeteer/repositories/cloudwicklabs/ankus-modules\hadoop\manifests\hue.pp,C:\Users\chems\Puppeteer/repositories/cloudwicklabs/ankus-modules\hadoop,124,0,0,0,0,0,0,0,7,0,0,0,0,0
https://github.com/cloudwicklabs/ankus-modules,ankus-modules,C:\Users\chems\Puppeteer/repositories/cloudwicklabs/ankus-modules\hadoop\manifests\namenode.pp,C:\Users\chems\Puppeteer/repositories/cloudwicklabs/ankus-modules\hadoop,472,0,0,0,0,0,0,0,8,0,0,0,5,0
https://github.com/cloudwicklabs/ankus-modules,ankus-modules,C:\Users\chems\Puppeteer/repositories/cloudwicklabs/ankus-modules\hadoop\manifests\params\hbase.pp,C:\Users\chems\Puppeteer/repositories/cloudwicklabs/ankus-modules\hadoop,83,0,0,0,0,0,0,0,4,0,0,0,4,0
https://github.com/cloudwicklabs/ankus-modules,ankus-modules,C:\Users\chems\Puppeteer/repositories/cloudwicklabs/ankus-modules\hadoop\manifests\params\mapreduce.pp,C:\Users\chems\Puppeteer/repositories/cloudwicklabs/ankus-modules\hadoop,212,0,0,0,0,0,0,0,8,0,0,0,11,0
https://github.com/cloudwicklabs/ankus-modules,ankus-modules,C:\Users\chems\Puppeteer/repositories/cloudwicklabs/ankus-modules\hadoop\manifests\params\yarn.pp,C:\Users\chems\Puppeteer/repositories/cloudwicklabs/ankus-modules\hadoop,441,0,0,0,0,0,0,0,12,0,0,0,24,0
https://github.com/cloudwicklabs/ankus-modules,ankus-modules,C:\Users\chems\Puppeteer/repositories/cloudwicklabs/ankus-modules\kerberos\manifests\init.pp,C:\Users\chems\Puppeteer/repositories/cloudwicklabs/ankus-modules\kerberos,158,0,0,0,0,0,0,0,1,0,0,0,0,0
https://github.com/cloudwicklabs/ankus-modules,ankus-modules,C:\Users\chems\Puppeteer/repositories/cloudwicklabs/ankus-modules\logstash\manifests\init.pp,C:\Users\chems\Puppeteer/repositories/cloudwicklabs/ankus-modules\logstash,34,0,0,0,0,0,0,0,0,0,0,0,1,0
https://github.com/cloudwicklabs/ankus-modules,ankus-modules,C:\Users\chems\Puppeteer/repositories/cloudwicklabs/ankus-modules\nagios\manifests\nrpe.pp,C:\Users\chems\Puppeteer/repositories/cloudwicklabs/ankus-modules\nagios,796,0,0,0,0,0,0,0,2,0,0,0,3,0
https://github.com/cloudwicklabs/ankus-modules,ankus-modules,C:\Users\chems\Puppeteer/repositories/cloudwicklabs/ankus-modules\nagios\manifests\target.pp,C:\Users\chems\Puppeteer/repositories/cloudwicklabs/ankus-modules\nagios,35,0,0,0,0,0,0,0,1,0,0,0,0,0
https://github.com/cloudwicklabs/ankus-modules,ankus-modules,C:\Users\chems\Puppeteer/repositories/cloudwicklabs/ankus-modules\utils\manifests\httpd.pp,C:\Users\chems\Puppeteer/repositories/cloudwicklabs/ankus-modules\utils,34,0,0,0,0,0,0,0,0,0,0,0,1,0
https://github.com/cohdjn/cisecurity,cisecurity,C:\Users\chems\Puppeteer/repositories/cohdjn/cisecurity\manifests\redhat6\filesystem.pp,C:\Users\chems\Puppeteer/repositories/cohdjn/cisecurity\manifests,1998,0,0,0,0,0,0,0,0,0,0,0,21,0
https://github.com/cohdjn/cisecurity,cisecurity,C:\Users\chems\Puppeteer/repositories/cohdjn/cisecurity\manifests\redhat6\services.pp,C:\Users\chems\Puppeteer/repositories/cohdjn/cisecurity\manifests,456,0,0,0,0,0,0,0,0,0,0,0,7,0
https://github.com/cohdjn/cisecurity,cisecurity,C:\Users\chems\Puppeteer/repositories/cohdjn/cisecurity\manifests\redhat7\filesystem.pp,C:\Users\chems\Puppeteer/repositories/cohdjn/cisecurity\manifests,2226,0,0,0,0,0,0,0,0,0,0,0,63,0
https://github.com/counsyl/puppet-sys,puppet-sys,C:\Users\chems\Puppeteer/repositories/counsyl/puppet-sys\manifests\openbsd\disk.pp,C:\Users\chems\Puppeteer/repositories/counsyl/puppet-sys\manifests,49,0,0,0,0,0,0,0,1,0,0,0,0,0
https://github.com/counsyl/puppet-sys,puppet-sys,C:\Users\chems\Puppeteer/repositories/counsyl/puppet-sys\manifests\openbsd\interface.pp,C:\Users\chems\Puppeteer/repositories/counsyl/puppet-sys\manifests,94,0,0,2,0,0,0,0,2,0,0,0,1,0
https://github.com/counsyl/puppet-sys,puppet-sys,C:\Users\chems\Puppeteer/repositories/counsyl/puppet-sys\manifests\screen\params.pp,C:\Users\chems\Puppeteer/repositories/counsyl/puppet-sys\manifests,25,0,0,1,0,0,0,0,1,0,0,0,2,0
https://github.com/counsyl/puppet-sys,puppet-sys,C:\Users\chems\Puppeteer/repositories/counsyl/puppet-sys\manifests\solaris\publisher.pp,C:\Users\chems\Puppeteer/repositories/counsyl/puppet-sys\manifests,67,0,0,1,0,0,0,0,1,0,0,0,3,0
https://github.com/counsyl/puppet-sys,puppet-sys,C:\Users\chems\Puppeteer/repositories/counsyl/puppet-sys\manifests\ssh\service.pp,C:\Users\chems\Puppeteer/repositories/counsyl/puppet-sys\manifests,21,0,0,1,0,0,0,0,1,0,0,0,4,0
https://github.com/counsyl/puppet-windows,puppet-windows,C:\Users\chems\Puppeteer/repositories/counsyl/puppet-windows\manifests\firewall_rule.pp,C:\Users\chems\Puppeteer/repositories/counsyl/puppet-windows\manifests,45,0,0,1,0,0,0,0,0,0,0,0,0,0
https://github.com/counsyl/puppet-windows,puppet-windows,C:\Users\chems\Puppeteer/repositories/counsyl/puppet-windows\manifests\unzip.pp,C:\Users\chems\Puppeteer/repositories/counsyl/puppet-windows\manifests,24,0,0,2,0,0,0,0,0,0,0,0,0,0
https://github.com/craigwatson/puppet-vmwaretools,puppet-vmwaretools,C:\Users\chems\Puppeteer/repositories/craigwatson/puppet-vmwaretools\manifests\init.pp,C:\Users\chems\Puppeteer/repositories/craigwatson/puppet-vmwaretools\manifests,72,0,0,2,0,0,0,0,0,0,0,0,1,0
https://github.com/craigwatson/puppet-vmwaretools,puppet-vmwaretools,C:\Users\chems\Puppeteer/repositories/craigwatson/puppet-vmwaretools\manifests\install\archive.pp,C:\Users\chems\Puppeteer/repositories/craigwatson/puppet-vmwaretools\manifests,30,0,0,1,0,0,0,0,0,0,0,0,3,0
https://github.com/craigwatson/puppet-vmwaretools,puppet-vmwaretools,C:\Users\chems\Puppeteer/repositories/craigwatson/puppet-vmwaretools\manifests\params.pp,C:\Users\chems\Puppeteer/repositories/craigwatson/puppet-vmwaretools\manifests,64,0,0,1,0,0,0,0,0,0,0,0,2,0
https://github.com/derdanne/puppet-nfs,puppet-nfs,C:\Users\chems\Puppeteer/repositories/derdanne/puppet-nfs\manifests\client\config.pp,C:\Users\chems\Puppeteer/repositories/derdanne/puppet-nfs\manifests,73,0,0,1,0,0,0,0,0,0,0,0,0,0
https://github.com/derdanne/puppet-nfs,puppet-nfs,C:\Users\chems\Puppeteer/repositories/derdanne/puppet-nfs\manifests\client\mount.pp,C:\Users\chems\Puppeteer/repositories/derdanne/puppet-nfs\manifests,85,0,0,2,0,0,0,0,0,0,0,0,0,0
https://github.com/edestecd/puppet-clamav,puppet-clamav,C:\Users\chems\Puppeteer/repositories/edestecd/puppet-clamav\manifests\params.pp,C:\Users\chems\Puppeteer/repositories/edestecd/puppet-clamav\manifests,254,0,0,0,0,0,0,0,1,0,0,0,0,0
https://github.com/edgester/puppet-module-kerberos,puppet-module-kerberos,C:\Users\chems\Puppeteer/repositories/edgester/puppet-module-kerberos\manifests\keytab.pp,C:\Users\chems\Puppeteer/repositories/edgester/puppet-module-kerberos\manifests,16,0,0,0,0,0,0,0,1,0,0,0,0,0
https://github.com/example42/puppet-network,puppet-network,C:\Users\chems\Puppeteer/repositories/example42/puppet-network\manifests\init.pp,C:\Users\chems\Puppeteer/repositories/example42/puppet-network\manifests,598,0,0,0,0,0,0,0,3,1,0,0,0,0
https://github.com/example42/puppet-network,puppet-network,C:\Users\chems\Puppeteer/repositories/example42/puppet-network\manifests\interface.pp,C:\Users\chems\Puppeteer/repositories/example42/puppet-network\manifests,5211,0,0,45,0,0,0,0,18,9,0,0,0,0
https://github.com/example42/puppet-network,puppet-network,C:\Users\chems\Puppeteer/repositories/example42/puppet-network\manifests\mroute.pp,C:\Users\chems\Puppeteer/repositories/example42/puppet-network\manifests,112,0,0,0,0,0,0,0,2,0,0,0,0,0
https://github.com/ffnord/ffnord-puppet-gateway,ffnord-puppet-gateway,C:\Users\chems\Puppeteer/repositories/ffnord/ffnord-puppet-gateway\manifests\init.pp,C:\Users\chems\Puppeteer/repositories/ffnord/ffnord-puppet-gateway\manifests,336,0,0,0,0,0,0,0,6,0,0,0,0,0
https://github.com/ffnord/ffnord-puppet-gateway,ffnord-puppet-gateway,C:\Users\chems\Puppeteer/repositories/ffnord/ffnord-puppet-gateway\manifests\monitor\munin.pp,C:\Users\chems\Puppeteer/repositories/ffnord/ffnord-puppet-gateway\manifests,19,0,0,0,0,0,0,0,4,0,0,0,0,0
https://github.com/ffnord/ffnord-puppet-gateway,ffnord-puppet-gateway,C:\Users\chems\Puppeteer/repositories/ffnord/ffnord-puppet-gateway\manifests\resources\checkgw.pp,C:\Users\chems\Puppeteer/repositories/ffnord/ffnord-puppet-gateway\manifests,21,0,0,0,0,0,0,0,5,0,0,0,0,0
https://github.com/fraenki/puppet-acme,puppet-acme,C:\Users\chems\Puppeteer/repositories/fraenki/puppet-acme\manifests\certificate.pp,C:\Users\chems\Puppeteer/repositories/fraenki/puppet-acme\manifests,46,0,0,1,0,0,0,0,0,0,0,0,1,0
https://github.com/fraenki/puppet-acme,puppet-acme,C:\Users\chems\Puppeteer/repositories/fraenki/puppet-acme\manifests\init.pp,C:\Users\chems\Puppeteer/repositories/fraenki/puppet-acme\manifests,82,0,0,1,0,0,0,0,0,0,0,0,2,0
https://github.com/fraenki/puppet-acme,puppet-acme,C:\Users\chems\Puppeteer/repositories/fraenki/puppet-acme\manifests\request.pp,C:\Users\chems\Puppeteer/repositories/fraenki/puppet-acme\manifests,1260,0,0,4,0,0,0,0,0,0,0,0,18,0
https://github.com/fraenki/puppet-acme,puppet-acme,C:\Users\chems\Puppeteer/repositories/fraenki/puppet-acme\manifests\request\handler.pp,C:\Users\chems\Puppeteer/repositories/fraenki/puppet-acme\manifests,180,0,0,1,0,0,0,0,0,0,0,0,0,0
https://github.com/frankiethekneeman/puppet-gitlab-ci-multi-runner,puppet-gitlab-ci-multi-runner,C:\Users\chems\Puppeteer/repositories/frankiethekneeman/puppet-gitlab-ci-multi-runner\manifests\init.pp,C:\Users\chems\Puppeteer/repositories/frankiethekneeman/puppet-gitlab-ci-multi-runner\manifests,190,0,0,0,0,0,0,0,1,0,0,0,0,0
https://github.com/frankiethekneeman/puppet-gitlab-ci-multi-runner,puppet-gitlab-ci-multi-runner,C:\Users\chems\Puppeteer/repositories/frankiethekneeman/puppet-gitlab-ci-multi-runner\manifests\runner.pp,C:\Users\chems\Puppeteer/repositories/frankiethekneeman/puppet-gitlab-ci-multi-runner\manifests,239,0,0,0,0,0,0,0,2,0,0,0,0,0
https://github.com/google/rpki-mgmt,rpki-mgmt,C:\Users\chems\Puppeteer/repositories/google/rpki-mgmt\puppet\modules\rpki\manifests\puppet_master.pp,C:\Users\chems\Puppeteer/repositories/google/rpki-mgmt\puppet,54,0,0,0,0,0,0,0,1,0,0,0,0,0
https://github.com/hastexo/kickstack,kickstack,C:\Users\chems\Puppeteer/repositories/hastexo/kickstack\manifests\horizon.pp,C:\Users\chems\Puppeteer/repositories/hastexo/kickstack\manifests,43,0,0,5,0,0,0,0,0,1,0,0,1,0
https://github.com/hastexo/kickstack,kickstack,C:\Users\chems\Puppeteer/repositories/hastexo/kickstack\manifests\init.pp,C:\Users\chems\Puppeteer/repositories/hastexo/kickstack\manifests,53,0,0,0,0,0,0,0,0,1,0,0,0,0
https://github.com/hastexo/kickstack,kickstack,C:\Users\chems\Puppeteer/repositories/hastexo/kickstack\manifests\node\api.pp,C:\Users\chems\Puppeteer/repositories/hastexo/kickstack\manifests,188,0,0,10,0,0,0,0,0,4,0,0,0,0
https://github.com/hastexo/kickstack,kickstack,C:\Users\chems\Puppeteer/repositories/hastexo/kickstack\manifests\node\storage.pp,C:\Users\chems\Puppeteer/repositories/hastexo/kickstack\manifests,18,0,0,5,0,0,0,0,0,1,0,0,0,0
https://github.com/hesco/hesco-weave,hesco-weave,C:\Users\chems\Puppeteer/repositories/hesco/hesco-weave\manifests\interface.pp,C:\Users\chems\Puppeteer/repositories/hesco/hesco-weave\manifests,34,0,0,0,0,0,0,0,0,0,0,0,1,0
https://github.com/hesco/hesco-weave,hesco-weave,C:\Users\chems\Puppeteer/repositories/hesco/hesco-weave\manifests\launch.pp,C:\Users\chems\Puppeteer/repositories/hesco/hesco-weave\manifests,32,0,0,0,0,0,0,0,0,0,0,0,2,0
https://github.com/hfm/puppet-remi,puppet-remi,C:\Users\chems\Puppeteer/repositories/hfm/puppet-remi\manifests\init.pp,C:\Users\chems\Puppeteer/repositories/hfm/puppet-remi\manifests,341,0,0,0,0,0,0,0,0,1,0,0,0,0
https://github.com/hfm/puppet-remi,puppet-remi,C:\Users\chems\Puppeteer/repositories/hfm/puppet-remi\manifests\rpm_gpg_key.pp,C:\Users\chems\Puppeteer/repositories/hfm/puppet-remi\manifests,54,0,0,0,0,0,0,0,0,9,0,0,0,0
https://github.com/jorritfolmer/puppet-splunk,puppet-splunk,C:\Users\chems\Puppeteer/repositories/jorritfolmer/puppet-splunk\manifests\addsearchpeers.pp,C:\Users\chems\Puppeteer/repositories/jorritfolmer/puppet-splunk\manifests,24,0,0,0,0,0,0,0,0,0,0,0,1,0
https://github.com/jorritfolmer/puppet-splunk,puppet-splunk,C:\Users\chems\Puppeteer/repositories/jorritfolmer/puppet-splunk\manifests\installed.pp,C:\Users\chems\Puppeteer/repositories/jorritfolmer/puppet-splunk\manifests,78,0,0,0,0,0,0,0,0,0,0,0,2,0
https://github.com/jorritfolmer/puppet-splunk,puppet-splunk,C:\Users\chems\Puppeteer/repositories/jorritfolmer/puppet-splunk\manifests\mgmtport.pp,C:\Users\chems\Puppeteer/repositories/jorritfolmer/puppet-splunk\manifests,62,0,0,0,0,0,0,0,0,0,0,0,3,0
https://github.com/jorritfolmer/puppet-splunk,puppet-splunk,C:\Users\chems\Puppeteer/repositories/jorritfolmer/puppet-splunk\manifests\outputs.pp,C:\Users\chems\Puppeteer/repositories/jorritfolmer/puppet-splunk\manifests,56,0,0,0,0,0,0,0,0,0,0,0,4,0
https://github.com/jvaubourg/puppetlabs-nginxpack,puppetlabs-nginxpack,C:\Users\chems\Puppeteer/repositories/jvaubourg/puppetlabs-nginxpack\manifests\ssl\certificate.pp,C:\Users\chems\Puppeteer/repositories/jvaubourg/puppetlabs-nginxpack\manifests,147,0,0,36,0,0,0,0,0,0,0,0,6,0
https://github.com/jvaubourg/puppetlabs-nginxpack,puppetlabs-nginxpack,C:\Users\chems\Puppeteer/repositories/jvaubourg/puppetlabs-nginxpack\manifests\vhost\basic.pp,C:\Users\chems\Puppeteer/repositories/jvaubourg/puppetlabs-nginxpack\manifests,1038,0,0,21,0,0,0,0,0,0,0,0,0,0
https://github.com/jvaubourg/puppetlabs-nginxpack,puppetlabs-nginxpack,C:\Users\chems\Puppeteer/repositories/jvaubourg/puppetlabs-nginxpack\manifests\vhost\proxy.pp,C:\Users\chems\Puppeteer/repositories/jvaubourg/puppetlabs-nginxpack\manifests,524,0,0,34,0,0,0,0,0,0,0,0,0,0
https://github.com/jvaubourg/puppetlabs-nginxpack,puppetlabs-nginxpack,C:\Users\chems\Puppeteer/repositories/jvaubourg/puppetlabs-nginxpack\manifests\vhost\redirection.pp,C:\Users\chems\Puppeteer/repositories/jvaubourg/puppetlabs-nginxpack\manifests,154,0,0,23,0,0,0,0,0,0,0,0,0,0
https://github.com/kakwa/puppet-samba,puppet-samba,C:\Users\chems\Puppeteer/repositories/kakwa/puppet-samba\manifests\dc.pp,C:\Users\chems\Puppeteer/repositories/kakwa/puppet-samba\manifests,335,0,0,0,0,0,0,0,0,0,0,0,1,0
https://github.com/kakwa/puppet-samba,puppet-samba,C:\Users\chems\Puppeteer/repositories/kakwa/puppet-samba\manifests\idmap.pp,C:\Users\chems\Puppeteer/repositories/kakwa/puppet-samba\manifests,130,0,0,0,0,0,0,0,0,0,0,0,2,0
https://github.com/kakwa/puppet-samba,puppet-samba,C:\Users\chems\Puppeteer/repositories/kakwa/puppet-samba\manifests\params.pp,C:\Users\chems\Puppeteer/repositories/kakwa/puppet-samba\manifests,86,0,0,0,0,0,0,0,0,0,0,0,3,0
https://github.com/kakwa/puppet-samba,puppet-samba,C:\Users\chems\Puppeteer/repositories/kakwa/puppet-samba\manifests\share.pp,C:\Users\chems\Puppeteer/repositories/kakwa/puppet-samba\manifests,58,0,0,0,0,0,0,0,0,0,0,0,4,0
https://github.com/lvicainne/puppet-opendkim,puppet-opendkim,C:\Users\chems\Puppeteer/repositories/lvicainne/puppet-opendkim\manifests\user.pp,C:\Users\chems\Puppeteer/repositories/lvicainne/puppet-opendkim\manifests,55,0,0,0,0,0,0,0,0,0,0,0,1,0
https://github.com/mjhas/dovecot,dovecot,C:\Users\chems\Puppeteer/repositories/mjhas/dovecot\manifests\ldap.pp,C:\Users\chems\Puppeteer/repositories/mjhas/dovecot\manifests,49,0,0,0,0,0,0,0,1,0,0,0,0,0
https://github.com/newrelic/newrelic_plugins_puppet,newrelic_plugins_puppet,C:\Users\chems\Puppeteer/repositories/newrelic/newrelic_plugins_puppet\manifests\resource\verify_java.pp,C:\Users\chems\Puppeteer/repositories/newrelic/newrelic_plugins_puppet\manifests,5,0,0,1,0,0,0,0,0,0,0,0,0,0
https://github.com/newrelic/newrelic_plugins_puppet,newrelic_plugins_puppet,C:\Users\chems\Puppeteer/repositories/newrelic/newrelic_plugins_puppet\manifests\resource\verify_ruby.pp,C:\Users\chems\Puppeteer/repositories/newrelic/newrelic_plugins_puppet\manifests,5,0,0,2,0,0,0,0,0,0,0,0,0,0
https://github.com/npwalker/pe_metric_curl_cron_jobs,pe_metric_curl_cron_jobs,C:\Users\chems\Puppeteer/repositories/npwalker/pe_metric_curl_cron_jobs\manifests\puppetdb.pp,C:\Users\chems\Puppeteer/repositories/npwalker/pe_metric_curl_cron_jobs\manifests,177,0,0,0,0,0,0,0,1,0,0,0,0,0
https://github.com/open-io/puppet-openiosds,puppet-openiosds,C:\Users\chems\Puppeteer/repositories/open-io/puppet-openiosds\manifests\namespace.pp,C:\Users\chems\Puppeteer/repositories/open-io/puppet-openiosds\manifests,151,0,0,1,0,0,0,0,0,0,0,0,0,0
https://github.com/open-io/puppet-openiosds,puppet-openiosds,C:\Users\chems\Puppeteer/repositories/open-io/puppet-openiosds\manifests\zookeeper.pp,C:\Users\chems\Puppeteer/repositories/open-io/puppet-openiosds\manifests,350,0,0,2,0,0,0,0,0,0,0,0,3,0
https://github.com/openstack/puppet-openstack-cookiecutter,puppet-openstack-cookiecutter,C:\Users\chems\Puppeteer/repositories/openstack/puppet-openstack-cookiecutter\puppet-{{cookiecutter.project_name}}\manifests\keystone\auth.pp,C:\Users\chems\Puppeteer/repositories/openstack/puppet-openstack-cookiecutter\puppet-{{cookiecutter.project_name}},430,0,0,0,0,0,0,0,55,0,0,0,0,0
https://github.com/pcfens/puppet-filebeat,puppet-filebeat,C:\Users\chems\Puppeteer/repositories/pcfens/puppet-filebeat\manifests\repo.pp,C:\Users\chems\Puppeteer/repositories/pcfens/puppet-filebeat\manifests,66,0,0,0,0,0,0,0,0,1,0,0,0,0
https://github.com/puppetlabs/puppetlabs-patching_as_code,puppetlabs-patching_as_code,C:\Users\chems\Puppeteer/repositories/puppetlabs/puppetlabs-patching_as_code\functions\process_patch_groups.pp,C:\Users\chems\Puppeteer/repositories/puppetlabs/puppetlabs-patching_as_code\functions,166,0,0,0,0,0,0,0,0,0,0,0,3,0
https://github.com/puppetlabs/puppetlabs-patching_as_code,puppetlabs-patching_as_code,C:\Users\chems\Puppeteer/repositories/puppetlabs/puppetlabs-patching_as_code\manifests\init.pp,C:\Users\chems\Puppeteer/repositories/puppetlabs/puppetlabs-patching_as_code\manifests,4136,0,0,33,0,0,0,0,0,0,0,0,3,0
https://github.com/sbitio/puppet-monit,puppet-monit,C:\Users\chems\Puppeteer/repositories/sbitio/puppet-monit\manifests\check\host.pp,C:\Users\chems\Puppeteer/repositories/sbitio/puppet-monit\manifests,76,0,0,1,0,0,0,0,4,0,0,0,0,0
https://github.com/sbitio/puppet-monit,puppet-monit,C:\Users\chems\Puppeteer/repositories/sbitio/puppet-monit\manifests\check\process.pp,C:\Users\chems\Puppeteer/repositories/sbitio/puppet-monit\manifests,54,0,0,1,0,0,0,0,2,0,0,0,1,0
https://github.com/sbitio/puppet-monit,puppet-monit,C:\Users\chems\Puppeteer/repositories/sbitio/puppet-monit\manifests\config.pp,C:\Users\chems\Puppeteer/repositories/sbitio/puppet-monit\manifests,82,0,0,0,0,0,0,0,1,0,0,0,0,0
https://github.com/southalc/podman,podman,C:\Users\chems\Puppeteer/repositories/southalc/podman\manifests\container.pp,C:\Users\chems\Puppeteer/repositories/southalc/podman\manifests,602,0,0,0,0,0,0,0,0,0,0,0,3,0
https://github.com/southalc/podman,podman,C:\Users\chems\Puppeteer/repositories/southalc/podman\manifests\image.pp,C:\Users\chems\Puppeteer/repositories/southalc/podman\manifests,65,0,0,0,0,0,0,0,0,0,0,0,3,0
https://github.com/southalc/podman,podman,C:\Users\chems\Puppeteer/repositories/southalc/podman\manifests\pod.pp,C:\Users\chems\Puppeteer/repositories/southalc/podman\manifests,66,0,0,0,0,0,0,0,0,0,0,0,4,0
https://github.com/southalc/podman,podman,C:\Users\chems\Puppeteer/repositories/southalc/podman\manifests\volume.pp,C:\Users\chems\Puppeteer/repositories/southalc/podman\manifests,62,0,0,0,0,0,0,0,0,0,0,0,5,0
https://github.com/thias/puppet-bind,puppet-bind,C:\Users\chems\Puppeteer/repositories/thias/puppet-bind\manifests\server\file.pp,C:\Users\chems\Puppeteer/repositories/thias/puppet-bind\manifests,52,0,0,0,0,0,0,0,0,0,0,0,1,0
https://github.com/tohuwabohu/puppet-duplicity,puppet-duplicity,C:\Users\chems\Puppeteer/repositories/tohuwabohu/puppet-duplicity\manifests\profile.pp,C:\Users\chems\Puppeteer/repositories/tohuwabohu/puppet-duplicity\manifests,240,0,0,1,0,0,0,0,0,0,0,0,0,0
https://github.com/trulabs/puppet-asterisk,puppet-asterisk,C:\Users\chems\Puppeteer/repositories/trulabs/puppet-asterisk\manifests\config.pp,C:\Users\chems\Puppeteer/repositories/trulabs/puppet-asterisk\manifests,318,0,0,0,0,0,0,0,3,0,0,0,0,0
https://github.com/tylerwalts/puppet-jdk_oracle,puppet-jdk_oracle,C:\Users\chems\Puppeteer/repositories/tylerwalts/puppet-jdk_oracle\manifests\install.pp,C:\Users\chems\Puppeteer/repositories/tylerwalts/puppet-jdk_oracle\manifests,831,0,0,3,0,0,0,0,0,0,0,0,3,0
https://github.com/voxpupuli/puppet-bareos,puppet-bareos,C:\Users\chems\Puppeteer/repositories/voxpupuli/puppet-bareos\manifests\repository.pp,C:\Users\chems\Puppeteer/repositories/voxpupuli/puppet-bareos\manifests,136,0,0,0,0,0,0,0,0,0,0,0,1,0
https://github.com/voxpupuli/puppet-kafka,puppet-kafka,C:\Users\chems\Puppeteer/repositories/voxpupuli/puppet-kafka\manifests\init.pp,C:\Users\chems\Puppeteer/repositories/voxpupuli/puppet-kafka\manifests,140,0,0,1,0,0,0,0,0,0,0,0,0,0
https://github.com/voxpupuli/puppet-kafka,puppet-kafka,C:\Users\chems\Puppeteer/repositories/voxpupuli/puppet-kafka\manifests\topic.pp,C:\Users\chems\Puppeteer/repositories/voxpupuli/puppet-kafka\manifests,35,0,0,2,0,0,0,0,0,0,0,0,0,0
https://github.com/voxpupuli/puppet-smokeping,puppet-smokeping,C:\Users\chems\Puppeteer/repositories/voxpupuli/puppet-smokeping\manifests\config.pp,C:\Users\chems\Puppeteer/repositories/voxpupuli/puppet-smokeping\manifests,154,0,0,0,0,0,0,0,1,0,0,0,0,0
https://github.com/voxpupuli/puppet-zabbix,puppet-zabbix,C:\Users\chems\Puppeteer/repositories/voxpupuli/puppet-zabbix\manifests\agent.pp,C:\Users\chems\Puppeteer/repositories/voxpupuli/puppet-zabbix\manifests,520,0,0,3,0,0,0,0,0,4,0,0,0,0
https://github.com/voxpupuli/puppet-zabbix,puppet-zabbix,C:\Users\chems\Puppeteer/repositories/voxpupuli/puppet-zabbix\manifests\database.pp,C:\Users\chems\Puppeteer/repositories/voxpupuli/puppet-zabbix\manifests,138,0,0,3,0,0,0,0,0,2,0,0,0,0
https://github.com/voxpupuli/puppet-zabbix,puppet-zabbix,C:\Users\chems\Puppeteer/repositories/voxpupuli/puppet-zabbix\manifests\database\mysql.pp,C:\Users\chems\Puppeteer/repositories/voxpupuli/puppet-zabbix\manifests,160,0,0,3,0,0,0,0,0,3,0,0,4,0
https://github.com/voxpupuli/puppet-zabbix,puppet-zabbix,C:\Users\chems\Puppeteer/repositories/voxpupuli/puppet-zabbix\manifests\database\postgresql.pp,C:\Users\chems\Puppeteer/repositories/voxpupuli/puppet-zabbix\manifests,297,0,0,6,0,0,0,0,0,6,0,0,11,0
https://github.com/voxpupuli/puppet-zabbix,puppet-zabbix,C:\Users\chems\Puppeteer/repositories/voxpupuli/puppet-zabbix\manifests\params.pp,C:\Users\chems\Puppeteer/repositories/voxpupuli/puppet-zabbix\manifests,509,0,0,3,0,0,0,0,0,2,0,0,1,0
https://github.com/voxpupuli/puppet-zabbix,puppet-zabbix,C:\Users\chems\Puppeteer/repositories/voxpupuli/puppet-zabbix\manifests\proxy.pp,C:\Users\chems\Puppeteer/repositories/voxpupuli/puppet-zabbix\manifests,332,0,0,3,0,0,0,0,0,2,0,0,2,0
https://github.com/voxpupuli/puppet-zabbix,puppet-zabbix,C:\Users\chems\Puppeteer/repositories/voxpupuli/puppet-zabbix\manifests\startup.pp,C:\Users\chems\Puppeteer/repositories/voxpupuli/puppet-zabbix\manifests,62,0,0,3,0,0,0,0,0,2,0,0,3,0
https://github.com/wazuh/ossec-puppet,ossec-puppet,C:\Users\chems\Puppeteer/repositories/wazuh/ossec-puppet\manifests\client.pp,C:\Users\chems\Puppeteer/repositories/wazuh/ossec-puppet\manifests,192,0,0,0,0,0,0,0,1,0,0,0,1,0
https://github.com/wazuh/ossec-puppet,ossec-puppet,C:\Users\chems\Puppeteer/repositories/wazuh/ossec-puppet\manifests\repo.pp,C:\Users\chems\Puppeteer/repositories/wazuh/ossec-puppet\manifests,106,0,0,0,0,0,0,0,1,0,0,0,2,0
https://github.com/wazuh/ossec-puppet,ossec-puppet,C:\Users\chems\Puppeteer/repositories/wazuh/ossec-puppet\manifests\server.pp,C:\Users\chems\Puppeteer/repositories/wazuh/ossec-puppet\manifests,199,0,0,0,0,0,0,0,1,0,0,0,0,0
https://github.com/whefter/puppet-syncthing,puppet-syncthing,C:\Users\chems\Puppeteer/repositories/whefter/puppet-syncthing\manifests\instance_service.pp,C:\Users\chems\Puppeteer/repositories/whefter/puppet-syncthing\manifests,348,0,0,0,0,0,0,0,0,0,0,0,3,0
https://github.com/whefter/puppet-syncthing,puppet-syncthing,C:\Users\chems\Puppeteer/repositories/whefter/puppet-syncthing\manifests\params.pp,C:\Users\chems\Puppeteer/repositories/whefter/puppet-syncthing\manifests,112,0,0,0,0,0,0,0,0,0,0,0,7,0
https://github.com/wso2/aws-apim,aws-apim,C:\Users\chems\Puppeteer/repositories/wso2/aws-apim\pattern-1\puppet\apim_common\manifests\init.pp,C:\Users\chems\Puppeteer/repositories/wso2/aws-apim\pattern-1,272,0,0,0,0,0,0,0,0,0,0,0,3,0
https://github.com/wso2/aws-apim,aws-apim,C:\Users\chems\Puppeteer/repositories/wso2/aws-apim\pattern-1\puppet\apim_common\manifests\params.pp,C:\Users\chems\Puppeteer/repositories/wso2/aws-apim\pattern-1,408,0,0,0,0,0,0,0,0,0,0,0,7,0
https://github.com/xneelo/hetzner-roundcube,hetzner-roundcube,C:\Users\chems\Puppeteer/repositories/xneelo/hetzner-roundcube\manifests\database\postgresql.pp,C:\Users\chems\Puppeteer/repositories/xneelo/hetzner-roundcube\manifests,49,0,0,0,0,0,0,0,2,0,0,0,0,0
https://github.com/xneelo/hetzner-roundcube,hetzner-roundcube,C:\Users\chems\Puppeteer/repositories/xneelo/hetzner-roundcube\manifests\roundcubeweb.pp,C:\Users\chems\Puppeteer/repositories/xneelo/hetzner-roundcube\manifests,87,0,0,0,0,0,0,0,1,0,0,0,0,0
https://github.com/yankcrime/datacentred-ldap,datacentred-ldap,C:\Users\chems\Puppeteer/repositories/yankcrime/datacentred-ldap\manifests\server.pp,C:\Users\chems\Puppeteer/repositories/yankcrime/datacentred-ldap\manifests,804,0,0,0,0,0,0,0,0,6,0,0,0,0
https://github.com/zend-patterns/ZendServerPuppet,ZendServerPuppet,C:\Users\chems\Puppeteer/repositories/zend-patterns/ZendServerPuppet\manifests\application\update.pp,C:\Users\chems\Puppeteer/repositories/zend-patterns/ZendServerPuppet\manifests,17,0,0,0,0,0,0,0,7,0,0,0,0,0
https://github.com/zend-patterns/ZendServerPuppet,ZendServerPuppet,C:\Users\chems\Puppeteer/repositories/zend-patterns/ZendServerPuppet\manifests\directive.pp,C:\Users\chems\Puppeteer/repositories/zend-patterns/ZendServerPuppet\manifests,38,0,0,0,0,0,0,0,3,0,0,0,0,0
https://github.com/zend-patterns/ZendServerPuppet,ZendServerPuppet,C:\Users\chems\Puppeteer/repositories/zend-patterns/ZendServerPuppet\manifests\install.pp,C:\Users\chems\Puppeteer/repositories/zend-patterns/ZendServerPuppet\manifests,32,0,0,0,0,0,0,0,3,0,0,0,0,0
https://github.com/zend-patterns/ZendServerPuppet,ZendServerPuppet,C:\Users\chems\Puppeteer/repositories/zend-patterns/ZendServerPuppet\manifests\install\debian.pp,C:\Users\chems\Puppeteer/repositories/zend-patterns/ZendServerPuppet\manifests,5,0,0,0,0,0,0,0,10,0,0,0,0,0
https://github.com/zend-patterns/ZendServerPuppet,ZendServerPuppet,C:\Users\chems\Puppeteer/repositories/zend-patterns/ZendServerPuppet\manifests\sdk.pp,C:\Users\chems\Puppeteer/repositories/zend-patterns/ZendServerPuppet\manifests,2,0,0,0,0,0,0,0,4,0,0,0,0,0
https://github.com/zend-patterns/ZendServerPuppet,ZendServerPuppet,C:\Users\chems\Puppeteer/repositories/zend-patterns/ZendServerPuppet\manifests\sdk\command.pp,C:\Users\chems\Puppeteer/repositories/zend-patterns/ZendServerPuppet\manifests,42,0,0,0,0,0,0,0,12,0,0,0,0,0
https://github.com/zend-patterns/ZendServerPuppet,ZendServerPuppet,C:\Users\chems\Puppeteer/repositories/zend-patterns/ZendServerPuppet\manifests\sdk\target.pp,C:\Users\chems\Puppeteer/repositories/zend-patterns/ZendServerPuppet\manifests,24,0,0,0,0,0,0,0,24,0,0,0,0,0
https://github.com/zend-patterns/ZendServerPuppet,ZendServerPuppet,C:\Users\chems\Puppeteer/repositories/zend-patterns/ZendServerPuppet\manifests\zsmanage.pp,C:\Users\chems\Puppeteer/repositories/zend-patterns/ZendServerPuppet\manifests,56,0,0,0,0,0,0,0,28,0,0,0,0,0
